name,rank,model,chain_i,chain_j,iLIS,iLIA,iLISA,ipSAE,actifpTM,LIS,cLIS,LIA,cLIA,ipTM,pLDDT_i,pLDDT_j,pLDDT,pTM,LIR_i,LIR_j,cLIR_i,cLIR_j,LIpLDDT_i,LIpLDDT_j,LIpLDDT,cLIpLDDT_i,cLIpLDDT_j,cLIpLDDT,len_i,len_j,LIR_indices_i,LIR_indices_j,cLIR_indices_i,cLIR_indices_j,structure_file
HSF1_HUMAN___ALDOA_HUMAN,1,3,A,B,0.0000,0.0,0.0,0.0000,0.2734,0.0000,0.0000,0.0,0.0,0.1700,35.4,94.2,59.4,0.460,0,0,0,0,,,,,,,529,364,,,,,HSF1_HUMAN___ALDOA_HUMAN_unrelaxed_rank_001_alphafold2_multimer_v3_model_3_seed_000.pdb
HSF1_HUMAN___ALDOA_HUMAN,2,5,A,B,0.0000,0.0,0.0,0.0000,0.1715,0.0000,0.0000,0.0,0.0,0.1600,33.4,94.8,58.4,0.460,0,0,0,0,,,,,,,529,364,,,,,HSF1_HUMAN___ALDOA_HUMAN_unrelaxed_rank_002_alphafold2_multimer_v3_model_5_seed_000.pdb
HSF1_HUMAN___ALDOA_HUMAN,3,4,A,B,0.0000,0.0,0.0,0.0000,0.1782,0.0000,0.0000,0.0,0.0,0.1500,33.8,94.8,58.7,0.460,0,0,0,0,,,,,,,529,364,,,,,HSF1_HUMAN___ALDOA_HUMAN_unrelaxed_rank_003_alphafold2_multimer_v3_model_4_seed_000.pdb
HSF1_HUMAN___ALDOA_HUMAN,4,2,A,B,0.0000,0.0,0.0,0.0000,0.0000,0.0000,0.0000,0.0,0.0,0.1400,35.8,94.5,59.7,0.460,0,0,0,0,,,,,,,529,364,,,,,HSF1_HUMAN___ALDOA_HUMAN_unrelaxed_rank_004_alphafold2_multimer_v3_model_2_seed_000.pdb
HSF1_HUMAN___ALDOA_HUMAN,5,1,A,B,0.0000,0.0,0.0,0.0000,0.1368,0.0000,0.0000,0.0,0.0,0.1300,34.9,94.9,59.4,0.460,0,0,0,0,,,,,,,529,364,,,,,HSF1_HUMAN___ALDOA_HUMAN_unrelaxed_rank_005_alphafold2_multimer_v3_model_1_seed_000.pdb
HSF1_HUMAN___CAND1_HUMAN,1,4,A,B,0.0393,45.1,1.8,0.0121,0.6245,0.0470,0.0328,145.0,14.0,0.2700,29.2,89.0,71.0,0.630,63,34,8,6,70.3,83.8,75.0,65.5,52.0,59.7,529,1230,"[15-28,35-37,42,44-49,51-54,56-64,66-79,99-100,102-105,108,111-112,115-116,118]","[270-271,273-275,301-303,305-307,310,338-344,347-353,358-359,380,383,389-390,392-393]","[16-18,21,61,68,72,75]","[310,339,341-344]",HSF1_HUMAN___CAND1_HUMAN_unrelaxed_rank_001_alphafold2_multimer_v3_model_4_seed_000.pdb
HSF1_HUMAN___CAND1_HUMAN,2,3,A,B,0.0000,0.0,0.0,0.0000,0.4086,0.0076,0.0000,3.0,0.0,0.2200,28.6,88.9,70.8,0.620,2,3,0,0,64.5,95.8,83.3,,,,529,1230,[72-73],"[274,352,390]",,,HSF1_HUMAN___CAND1_HUMAN_unrelaxed_rank_002_alphafold2_multimer_v3_model_3_seed_000.pdb
HSF1_HUMAN___CAND1_HUMAN,3,1,A,B,0.0000,0.0,0.0,0.0000,0.4272,0.0000,0.0000,0.0,0.0,0.2300,29.7,87.8,70.3,0.590,0,0,0,0,,,,,,,529,1230,,,,,HSF1_HUMAN___CAND1_HUMAN_unrelaxed_rank_003_alphafold2_multimer_v3_model_1_seed_000.pdb
HSF1_HUMAN___CAND1_HUMAN,4,5,A,B,0.0000,0.0,0.0,0.0000,0.3721,0.0000,0.0000,0.0,0.0,0.2200,29.3,89.0,71.0,0.630,0,0,0,0,,,,,,,529,1230,,,,,HSF1_HUMAN___CAND1_HUMAN_unrelaxed_rank_004_alphafold2_multimer_v3_model_5_seed_000.pdb
HSF1_HUMAN___CAND1_HUMAN,5,2,A,B,0.0000,0.0,0.0,0.0000,0.2782,0.0000,0.0000,0.0,0.0,0.2100,28.7,88.1,70.2,0.600,0,0,0,0,,,,,,,529,1230,,,,,HSF1_HUMAN___CAND1_HUMAN_unrelaxed_rank_005_alphafold2_multimer_v3_model_2_seed_000.pdb
HSF1_HUMAN___HDAC2_HUMAN,1,4,A,B,0.0852,165.6,14.1,0.0161,0.4805,0.0878,0.0827,2494.0,11.0,0.3600,31.8,76.4,53.2,0.460,19,344,6,6,38.6,95.1,92.1,44.6,93.2,68.9,529,488,"[295-301,384-395]","[11-26,28-86,88-89,91-97,100-168,170-202,204-212,214,216-217,220-338,340-346,353-372]","[297-300,388,392]","[34,53-56,306]",HSF1_HUMAN___HDAC2_HUMAN_unrelaxed_rank_001_alphafold2_multimer_v3_model_4_seed_000.pdb
HSF1_HUMAN___HDAC2_HUMAN,2,5,A,B,0.0170,13.5,0.2,0.0117,0.3684,0.0266,0.0108,182.0,1.0,0.3200,33.8,77.6,54.8,0.450,3,138,1,1,39.3,97.3,96.1,41.8,94.4,68.1,529,488,[297-299],"[12,18-19,25,29-32,36-37,39,48,52,56-57,59-62,65-67,74,76,80,82,92,95,97,101,103-104,106-107,109,112-115,117-119,123-124,128,132,139-140,143,148-152,155-156,158,160-161,163,171,177,181,183-187,194-199,224,228,231,233,235,237-238,241-242,245-246,248-250,255,258,261-265,267,272,275,277,279,281,283-289,291-292,294,296-299,301,303-306,308-309,312,317,319-321,324-325,327-329,338,355,359,363-364,366]",[298],[56],HSF1_HUMAN___HDAC2_HUMAN_unrelaxed_rank_002_alphafold2_multimer_v3_model_5_seed_000.pdb
HSF1_HUMAN___HDAC2_HUMAN,3,1,A,B,0.0000,0.0,0.0,0.0000,0.3062,0.0000,0.0000,0.0,0.0,0.2800,33.1,76.6,54.0,0.460,0,0,0,0,,,,,,,529,488,,,,,HSF1_HUMAN___HDAC2_HUMAN_unrelaxed_rank_003_alphafold2_multimer_v3_model_1_seed_000.pdb
HSF1_HUMAN___HDAC2_HUMAN,4,3,A,B,0.0000,0.0,0.0,0.0000,0.3187,0.0046,0.0000,4.0,0.0,0.2800,32.5,76.9,53.8,0.460,1,4,0,0,38.4,96.3,84.7,,,,529,488,[298],"[12,39,57,289]",,,HSF1_HUMAN___HDAC2_HUMAN_unrelaxed_rank_004_alphafold2_multimer_v3_model_3_seed_000.pdb
HSF1_HUMAN___HDAC2_HUMAN,5,2,A,B,0.0000,0.0,0.0,0.0000,0.1882,0.0000,0.0000,0.0,0.0,0.1800,32.9,77.7,54.4,0.450,0,0,0,0,,,,,,,529,488,,,,,HSF1_HUMAN___HDAC2_HUMAN_unrelaxed_rank_005_alphafold2_multimer_v3_model_2_seed_000.pdb
HSF1_HUMAN___MATR3_HUMAN,1,3,A,B,0.3400,404.6,137.5,0.0761,0.8508,0.2541,0.4547,2154.0,76.0,0.2100,34.5,42.3,39.3,0.230,39,48,13,17,61.8,64.2,63.1,66.3,65.6,65.9,529,847,[161-199],[105-152],"[178,181-182,184-186,188-193,195]","[108,111-112,114-115,117,122-123,125-126,128,130,133-135,138-139]",HSF1_HUMAN___MATR3_HUMAN_unrelaxed_rank_001_alphafold2_multimer_v3_model_3_seed_000.pdb
HSF1_HUMAN___MATR3_HUMAN,2,2,A,B,0.3734,397.9,148.6,0.0921,0.8904,0.2879,0.4843,2328.0,68.0,0.2100,37.4,45.4,42.3,0.220,42,47,13,16,67.4,62.8,65.0,68.6,63.7,65.9,529,847,[158-199],[106-152],"[178,181-182,184-186,188-193,195]","[108,111-112,115,117,122-123,125-126,128,130,133-135,138-139]",HSF1_HUMAN___MATR3_HUMAN_unrelaxed_rank_002_alphafold2_multimer_v3_model_2_seed_000.pdb
HSF1_HUMAN___MATR3_HUMAN,3,5,A,B,0.2521,346.0,87.2,0.0357,0.7578,0.1908,0.3331,1710.0,70.0,0.2100,36.1,43.4,40.6,0.220,35,44,14,17,63.1,65.1,64.2,65.9,64.9,65.4,529,847,"[164,166-199]",[107-150],"[178,181-186,188-193,195]","[108,111-112,115,117,122-123,125-126,128,130,133-136,138-139]",HSF1_HUMAN___MATR3_HUMAN_unrelaxed_rank_003_alphafold2_multimer_v3_model_5_seed_000.pdb
HSF1_HUMAN___MATR3_HUMAN,4,4,A,B,0.3610,380.7,137.4,0.0754,0.8834,0.2770,0.4705,1858.0,78.0,0.2000,35.3,41.9,39.4,0.220,33,48,14,17,64.0,63.7,63.8,66.7,65.2,65.9,529,847,[167-199],[105-152],"[178,181-182,184-186,188-193,195-196]","[108,111-112,114-115,117,122-123,125-126,128,130,133-135,138-139]",HSF1_HUMAN___MATR3_HUMAN_unrelaxed_rank_004_alphafold2_multimer_v3_model_4_seed_000.pdb
HSF1_HUMAN___MATR3_HUMAN,5,1,A,B,0.1083,156.1,16.9,0.0142,0.6689,0.0980,0.1197,435.0,56.0,0.1800,32.6,40.3,37.3,0.220,16,39,11,15,47.9,52.9,51.4,49.3,52.3,51.0,529,847,"[180-194,196]",[110-148],"[181-182,184-186,188-193]","[111-112,115,117,122-123,125-126,128,130,133-135,138-139]",HSF1_HUMAN___MATR3_HUMAN_unrelaxed_rank_005_alphafold2_multimer_v3_model_1_seed_000.pdb
HSF1_HUMAN___MCMBP_HUMAN,1,3,A,B,0.3194,742.0,237.0,0.3279,0.8921,0.2471,0.4129,6186.0,89.0,0.6100,32.3,81.0,59.0,0.570,16,513,11,22,55.3,91.0,89.9,55.7,83.2,74.0,529,642,"[68-69,259-272]","[5-153,224-274,286-328,330,332-333,335-396,402-463,467-526,531-566,572-576,590-631]","[259-266,268-269,271]","[79-83,85,100,103-110,114,116,123,265-268]",HSF1_HUMAN___MCMBP_HUMAN_unrelaxed_rank_001_alphafold2_multimer_v3_model_3_seed_000.pdb
HSF1_HUMAN___MCMBP_HUMAN,2,2,A,B,0.0000,0.0,0.0,0.0000,0.4258,0.0115,0.0000,32.0,0.0,0.2600,30.1,81.3,58.2,0.560,4,24,0,0,47.1,96.8,89.7,,,,529,642,[330-333],"[66,348,352,355,359,362,368,371,419,447,455,522,548,572,596,600-601,603,616-619,623,626]",,,HSF1_HUMAN___MCMBP_HUMAN_unrelaxed_rank_002_alphafold2_multimer_v3_model_2_seed_000.pdb
HSF1_HUMAN___MCMBP_HUMAN,3,5,A,B,0.0000,0.0,0.0,0.0000,0.3504,0.0000,0.0000,0.0,0.0,0.2500,32.7,81.1,59.2,0.550,0,0,0,0,,,,,,,529,642,,,,,HSF1_HUMAN___MCMBP_HUMAN_unrelaxed_rank_003_alphafold2_multimer_v3_model_5_seed_000.pdb
HSF1_HUMAN___MCMBP_HUMAN,4,1,A,B,0.0000,0.0,0.0,0.0000,0.3524,0.0183,0.0000,11.0,0.0,0.2300,32.1,80.4,58.6,0.560,1,11,0,0,43.1,92.1,88.0,,,,529,642,[192],"[569,573,593,596-597,600,603-604,616,620,624]",,,HSF1_HUMAN___MCMBP_HUMAN_unrelaxed_rank_004_alphafold2_multimer_v3_model_1_seed_000.pdb
HSF1_HUMAN___MCMBP_HUMAN,5,4,A,B,0.0000,0.0,0.0,0.0000,0.3450,0.0000,0.0000,0.0,0.0,0.1900,28.9,80.3,57.1,0.550,0,0,0,0,,,,,,,529,642,,,,,HSF1_HUMAN___MCMBP_HUMAN_unrelaxed_rank_005_alphafold2_multimer_v3_model_4_seed_000.pdb
HSF1_HUMAN___SRSF3_HUMAN,1,4,A,B,0.1000,360.8,36.1,0.0142,0.4880,0.0696,0.1436,3100.0,42.0,0.3500,41.0,50.8,43.3,0.290,86,70,8,10,87.8,82.4,85.4,80.6,77.3,78.8,529,164,"[16-61,65-81,96-118]","[9-43,46-67,69-72,74-82]","[67,70-71,74-75,79-80,97]","[31-35,54-55,57-58,61]",HSF1_HUMAN___SRSF3_HUMAN_unrelaxed_rank_001_alphafold2_multimer_v3_model_4_seed_000.pdb
HSF1_HUMAN___SRSF3_HUMAN,2,1,A,B,0.0000,0.0,0.0,0.0000,0.2437,0.0000,0.0000,0.0,0.0,0.2200,41.2,49.0,43.0,0.260,0,0,0,0,,,,,,,529,164,,,,,HSF1_HUMAN___SRSF3_HUMAN_unrelaxed_rank_002_alphafold2_multimer_v3_model_1_seed_000.pdb
HSF1_HUMAN___SRSF3_HUMAN,3,3,A,B,0.0000,0.0,0.0,0.0000,0.2044,0.0000,0.0000,0.0,0.0,0.1900,41.4,50.5,43.6,0.260,0,0,0,0,,,,,,,529,164,,,,,HSF1_HUMAN___SRSF3_HUMAN_unrelaxed_rank_003_alphafold2_multimer_v3_model_3_seed_000.pdb
HSF1_HUMAN___SRSF3_HUMAN,4,2,A,B,0.0000,0.0,0.0,0.0000,0.1558,0.0000,0.0000,0.0,0.0,0.1700,41.7,51.0,43.9,0.250,0,0,0,0,,,,,,,529,164,,,,,HSF1_HUMAN___SRSF3_HUMAN_unrelaxed_rank_004_alphafold2_multimer_v3_model_2_seed_000.pdb
HSF1_HUMAN___SRSF3_HUMAN,5,5,A,B,0.0000,0.0,0.0,0.0000,0.1096,0.0000,0.0000,0.0,0.0,0.1200,41.7,52.1,44.2,0.240,0,0,0,0,,,,,,,529,164,,,,,HSF1_HUMAN___SRSF3_HUMAN_unrelaxed_rank_005_alphafold2_multimer_v3_model_5_seed_000.pdb
HSF1_HUMAN___THOC4_HUMAN,1,4,A,B,0.2023,422.7,85.5,0.0850,0.6834,0.1298,0.3151,8121.0,22.0,0.3000,38.9,37.8,38.5,0.290,94,82,6,6,77.6,70.1,74.1,63.3,57.8,60.5,529,257,"[14-81,94-119]",[103-184],"[62-63,65,68,71,75]","[120-121,124,127-128,172]",HSF1_HUMAN___THOC4_HUMAN_unrelaxed_rank_001_alphafold2_multimer_v3_model_4_seed_000.pdb
HSF1_HUMAN___THOC4_HUMAN,2,1,A,B,0.0000,0.0,0.0,0.0000,0.3203,0.0000,0.0000,0.0,0.0,0.2000,40.3,37.6,39.4,0.260,0,0,0,0,,,,,,,529,257,,,,,HSF1_HUMAN___THOC4_HUMAN_unrelaxed_rank_002_alphafold2_multimer_v3_model_1_seed_000.pdb
HSF1_HUMAN___THOC4_HUMAN,3,5,A,B,0.0000,0.0,0.0,0.0000,0.3116,0.0000,0.0000,0.0,0.0,0.1900,40.6,40.7,40.6,0.250,0,0,0,0,,,,,,,529,257,,,,,HSF1_HUMAN___THOC4_HUMAN_unrelaxed_rank_003_alphafold2_multimer_v3_model_5_seed_000.pdb
HSF1_HUMAN___THOC4_HUMAN,4,3,A,B,0.0000,0.0,0.0,0.0000,0.2537,0.0000,0.0000,0.0,0.0,0.1600,39.5,39.2,39.4,0.240,0,0,0,0,,,,,,,529,257,,,,,HSF1_HUMAN___THOC4_HUMAN_unrelaxed_rank_004_alphafold2_multimer_v3_model_3_seed_000.pdb
HSF1_HUMAN___THOC4_HUMAN,5,2,A,B,0.0000,0.0,0.0,0.0000,0.1564,0.0000,0.0000,0.0,0.0,0.1400,41.4,41.3,41.4,0.240,0,0,0,0,,,,,,,529,257,,,,,HSF1_HUMAN___THOC4_HUMAN_unrelaxed_rank_005_alphafold2_multimer_v3_model_2_seed_000.pdb
HSF1_HUMAN___FUBP1_HUMAN,1,5,A,B,0.0000,0.0,0.0,0.0000,0.2933,0.0000,0.0000,0.0,0.0,0.1900,36.8,46.9,42.3,0.240,0,0,0,0,,,,,,,529,644,,,,,HSF1_HUMAN___FUBP1_HUMAN_unrelaxed_rank_001_alphafold2_multimer_v3_model_5_seed_000.pdb
HSF1_HUMAN___FUBP1_HUMAN,2,1,A,B,0.0000,0.0,0.0,0.0000,0.1758,0.0000,0.0000,0.0,0.0,0.1700,34.8,43.7,39.7,0.230,0,0,0,0,,,,,,,529,644,,,,,HSF1_HUMAN___FUBP1_HUMAN_unrelaxed_rank_002_alphafold2_multimer_v3_model_1_seed_000.pdb
HSF1_HUMAN___FUBP1_HUMAN,3,2,A,B,0.0000,0.0,0.0,0.0000,0.1619,0.0000,0.0000,0.0,0.0,0.1600,37.4,46.9,42.6,0.230,0,0,0,0,,,,,,,529,644,,,,,HSF1_HUMAN___FUBP1_HUMAN_unrelaxed_rank_003_alphafold2_multimer_v3_model_2_seed_000.pdb
HSF1_HUMAN___FUBP1_HUMAN,4,3,A,B,0.0000,0.0,0.0,0.0000,0.1636,0.0000,0.0000,0.0,0.0,0.1500,35.4,43.4,39.8,0.220,0,0,0,0,,,,,,,529,644,,,,,HSF1_HUMAN___FUBP1_HUMAN_unrelaxed_rank_004_alphafold2_multimer_v3_model_3_seed_000.pdb
HSF1_HUMAN___FUBP1_HUMAN,5,4,A,B,0.0000,0.0,0.0,0.0000,0.1955,0.0000,0.0000,0.0,0.0,0.1500,34.7,43.6,39.6,0.220,0,0,0,0,,,,,,,529,644,,,,,HSF1_HUMAN___FUBP1_HUMAN_unrelaxed_rank_005_alphafold2_multimer_v3_model_4_seed_000.pdb
HSF1_HUMAN___HNRL1_HUMAN,1,1,A,B,0.1318,667.9,88.0,0.0158,0.7027,0.1149,0.1512,4647.0,96.0,0.3200,32.5,53.9,45.7,0.410,18,365,16,30,50.3,92.7,90.7,51.1,84.6,72.9,529,856,[384-401],"[207,209-274,276-336,339-363,365-387,389-390,394,396-463,476-547,553-570,573-600]","[384-397,399-400]","[429-431,434-435,454-456,459,481-482,484-485,488-489,506-513,516,554,557-558,560-561,564]",HSF1_HUMAN___HNRL1_HUMAN_unrelaxed_rank_001_alphafold2_multimer_v3_model_1_seed_000.pdb
HSF1_HUMAN___HNRL1_HUMAN,2,3,A,B,0.0633,322.8,20.4,0.0136,0.6601,0.0556,0.0720,3158.0,33.0,0.2400,33.5,53.9,46.1,0.410,15,355,10,18,41.2,93.8,91.7,42.8,87.2,71.3,529,856,[385-399],"[209-236,238-274,276,278-336,340-363,366-390,394,396-462,478-544,546,554-570,573-600]",[388-397],"[430,454-455,484-485,488-489,506-510,512-513,516-517,557,561]",HSF1_HUMAN___HNRL1_HUMAN_unrelaxed_rank_002_alphafold2_multimer_v3_model_3_seed_000.pdb
HSF1_HUMAN___HNRL1_HUMAN,3,2,A,B,0.0703,426.1,29.9,0.0133,0.6680,0.0616,0.0802,3705.0,49.0,0.2400,33.7,55.3,47.0,0.410,16,365,12,24,36.7,94.8,92.4,37.9,88.5,71.6,529,856,[375-390],"[209-274,276-336,340-363,365-387,389-391,394,396-464,477-548,553-570,573-600]","[377-387,390]","[430,455,478,480-482,484-485,488-489,506-510,512-513,516-517,553,557,560-561,564]",HSF1_HUMAN___HNRL1_HUMAN_unrelaxed_rank_003_alphafold2_multimer_v3_model_2_seed_000.pdb
HSF1_HUMAN___HNRL1_HUMAN,4,5,A,B,0.0201,23.0,0.5,0.0109,0.5115,0.0179,0.0225,106.0,5.0,0.2100,32.8,54.8,46.4,0.400,6,65,4,4,39.9,95.8,91.1,41.0,89.5,65.2,529,856,"[385,387-390,392]","[211,252,257,259,328,333-335,341-342,354,357,397-400,402-403,405,407-409,421-422,424,429,435,437-439,452,455,484,487,490-491,503,508-509,513-516,521,527-530,557,560,562,564-565,569,575,577,579,585-591,595]","[388-390,392]","[455,508,513,560]",HSF1_HUMAN___HNRL1_HUMAN_unrelaxed_rank_004_alphafold2_multimer_v3_model_5_seed_000.pdb
HSF1_HUMAN___HNRL1_HUMAN,5,4,A,B,0.0000,0.0,0.0,0.0000,0.4678,0.0075,0.0000,7.0,0.0,0.1800,29.2,54.0,44.5,0.400,2,5,0,0,35.0,97.8,79.9,,,,529,856,"[392,394]","[257,328,345,380,382]",,,HSF1_HUMAN___HNRL1_HUMAN_unrelaxed_rank_005_alphafold2_multimer_v3_model_4_seed_000.pdb
HSF1_HUMAN___PEBP1_HUMAN,1,3,A,B,0.2430,397.8,96.7,0.0245,0.7524,0.1888,0.3127,2229.0,71.0,0.4700,39.5,94.7,53.9,0.360,17,184,7,20,59.4,95.1,92.1,52.1,89.0,79.4,529,187,[82-98],[4-187],"[84-85,87-91]","[70,73-74,80-81,84,107,110,112-113,142-144,146-147,178,180-181,184-185]",HSF1_HUMAN___PEBP1_HUMAN_unrelaxed_rank_001_alphafold2_multimer_v3_model_3_seed_000.pdb
HSF1_HUMAN___PEBP1_HUMAN,2,4,A,B,0.0000,0.0,0.0,0.0000,0.3273,0.0000,0.0000,0.0,0.0,0.2400,36.0,94.4,51.3,0.340,0,0,0,0,,,,,,,529,187,,,,,HSF1_HUMAN___PEBP1_HUMAN_unrelaxed_rank_002_alphafold2_multimer_v3_model_4_seed_000.pdb
HSF1_HUMAN___PEBP1_HUMAN,3,1,A,B,0.0000,0.0,0.0,0.0000,0.1231,0.0000,0.0000,0.0,0.0,0.1900,39.2,93.5,53.4,0.340,0,0,0,0,,,,,,,529,187,,,,,HSF1_HUMAN___PEBP1_HUMAN_unrelaxed_rank_003_alphafold2_multimer_v3_model_1_seed_000.pdb
HSF1_HUMAN___PEBP1_HUMAN,4,5,A,B,0.0000,0.0,0.0,0.0000,0.1223,0.0000,0.0000,0.0,0.0,0.1400,38.7,94.3,53.2,0.330,0,0,0,0,,,,,,,529,187,,,,,HSF1_HUMAN___PEBP1_HUMAN_unrelaxed_rank_004_alphafold2_multimer_v3_model_5_seed_000.pdb
HSF1_HUMAN___PEBP1_HUMAN,5,2,A,B,0.0000,0.0,0.0,0.0000,0.0941,0.0000,0.0000,0.0,0.0,0.1200,38.9,95.4,53.7,0.330,0,0,0,0,,,,,,,529,187,,,,,HSF1_HUMAN___PEBP1_HUMAN_unrelaxed_rank_005_alphafold2_multimer_v3_model_2_seed_000.pdb
HSF1_HUMAN___ROA1_HUMAN,1,4,A,B,0.0000,0.0,0.0,0.0000,0.2051,0.0000,0.0000,0.0,0.0,0.1700,36.0,52.8,42.9,0.310,0,0,0,0,,,,,,,529,372,,,,,HSF1_HUMAN___ROA1_HUMAN_unrelaxed_rank_001_alphafold2_multimer_v3_model_4_seed_000.pdb
HSF1_HUMAN___ROA1_HUMAN,2,3,A,B,0.0000,0.0,0.0,0.0000,0.2148,0.0000,0.0000,0.0,0.0,0.1600,36.7,52.4,43.2,0.320,0,0,0,0,,,,,,,529,372,,,,,HSF1_HUMAN___ROA1_HUMAN_unrelaxed_rank_002_alphafold2_multimer_v3_model_3_seed_000.pdb
HSF1_HUMAN___ROA1_HUMAN,3,1,A,B,0.0000,0.0,0.0,0.0000,0.1923,0.0000,0.0000,0.0,0.0,0.1600,37.9,53.4,44.3,0.300,0,0,0,0,,,,,,,529,372,,,,,HSF1_HUMAN___ROA1_HUMAN_unrelaxed_rank_003_alphafold2_multimer_v3_model_1_seed_000.pdb
HSF1_HUMAN___ROA1_HUMAN,4,5,A,B,0.0000,0.0,0.0,0.0000,0.1280,0.0000,0.0000,0.0,0.0,0.1400,38.1,54.0,44.7,0.290,0,0,0,0,,,,,,,529,372,,,,,HSF1_HUMAN___ROA1_HUMAN_unrelaxed_rank_004_alphafold2_multimer_v3_model_5_seed_000.pdb
HSF1_HUMAN___ROA1_HUMAN,5,2,A,B,0.0000,0.0,0.0,0.0000,0.1143,0.0000,0.0000,0.0,0.0,0.1400,38.8,54.5,45.3,0.290,0,0,0,0,,,,,,,529,372,,,,,HSF1_HUMAN___ROA1_HUMAN_unrelaxed_rank_005_alphafold2_multimer_v3_model_2_seed_000.pdb
HSF1_HUMAN___SMC1A_HUMAN,1,3,A,B,0.0000,0.0,0.0,0.0000,0.4490,0.0000,0.0000,0.0,0.0,0.2300,32.7,80.0,65.8,0.340,0,0,0,0,,,,,,,529,1233,,,,,HSF1_HUMAN___SMC1A_HUMAN_unrelaxed_rank_001_alphafold2_multimer_v3_model_3_seed_000.pdb
HSF1_HUMAN___SMC1A_HUMAN,2,4,A,B,0.0000,0.0,0.0,0.0000,0.2858,0.0000,0.0000,0.0,0.0,0.2000,30.2,78.0,63.6,0.340,0,0,0,0,,,,,,,529,1233,,,,,HSF1_HUMAN___SMC1A_HUMAN_unrelaxed_rank_002_alphafold2_multimer_v3_model_4_seed_000.pdb
HSF1_HUMAN___SMC1A_HUMAN,3,2,A,B,0.0000,0.0,0.0,0.0000,0.2042,0.0000,0.0000,0.0,0.0,0.1900,31.1,75.2,62.0,0.340,0,0,0,0,,,,,,,529,1233,,,,,HSF1_HUMAN___SMC1A_HUMAN_unrelaxed_rank_003_alphafold2_multimer_v3_model_2_seed_000.pdb
HSF1_HUMAN___SMC1A_HUMAN,4,1,A,B,0.0000,0.0,0.0,0.0000,0.1794,0.0000,0.0000,0.0,0.0,0.1800,32.2,77.3,63.8,0.350,0,0,0,0,,,,,,,529,1233,,,,,HSF1_HUMAN___SMC1A_HUMAN_unrelaxed_rank_004_alphafold2_multimer_v3_model_1_seed_000.pdb
HSF1_HUMAN___SMC1A_HUMAN,5,5,A,B,0.0000,0.0,0.0,0.0000,0.1710,0.0000,0.0000,0.0,0.0,0.1800,31.0,79.5,64.9,0.330,0,0,0,0,,,,,,,529,1233,,,,,HSF1_HUMAN___SMC1A_HUMAN_unrelaxed_rank_005_alphafold2_multimer_v3_model_5_seed_000.pdb
HSF1_HUMAN___SRS10_HUMAN,1,4,A,B,0.0000,0.0,0.0,0.0000,0.1657,0.0000,0.0000,0.0,0.0,0.1500,39.6,39.6,39.6,0.230,0,0,0,0,,,,,,,529,262,,,,,HSF1_HUMAN___SRS10_HUMAN_unrelaxed_rank_001_alphafold2_multimer_v3_model_4_seed_000.pdb
HSF1_HUMAN___SRS10_HUMAN,2,1,A,B,0.0000,0.0,0.0,0.0000,0.1682,0.0000,0.0000,0.0,0.0,0.1500,40.3,38.6,39.7,0.240,0,0,0,0,,,,,,,529,262,,,,,HSF1_HUMAN___SRS10_HUMAN_unrelaxed_rank_002_alphafold2_multimer_v3_model_1_seed_000.pdb
HSF1_HUMAN___SRS10_HUMAN,3,3,A,B,0.0000,0.0,0.0,0.0000,0.1586,0.0000,0.0000,0.0,0.0,0.1400,39.7,40.8,40.1,0.240,0,0,0,0,,,,,,,529,262,,,,,HSF1_HUMAN___SRS10_HUMAN_unrelaxed_rank_003_alphafold2_multimer_v3_model_3_seed_000.pdb
HSF1_HUMAN___SRS10_HUMAN,4,5,A,B,0.0000,0.0,0.0,0.0000,0.1171,0.0000,0.0000,0.0,0.0,0.1200,40.7,42.0,41.1,0.230,0,0,0,0,,,,,,,529,262,,,,,HSF1_HUMAN___SRS10_HUMAN_unrelaxed_rank_004_alphafold2_multimer_v3_model_5_seed_000.pdb
HSF1_HUMAN___SRS10_HUMAN,5,2,A,B,0.0000,0.0,0.0,0.0000,0.0960,0.0000,0.0000,0.0,0.0,0.1200,41.5,42.3,41.8,0.230,0,0,0,0,,,,,,,529,262,,,,,HSF1_HUMAN___SRS10_HUMAN_unrelaxed_rank_005_alphafold2_multimer_v3_model_2_seed_000.pdb
HSF1_HUMAN___UGDH_HUMAN,1,1,A,B,0.0000,0.0,0.0,0.0000,0.2501,0.0000,0.0000,0.0,0.0,0.1900,33.8,90.5,61.2,0.520,0,0,0,0,,,,,,,529,494,,,,,HSF1_HUMAN___UGDH_HUMAN_unrelaxed_rank_001_alphafold2_multimer_v3_model_1_seed_000.pdb
HSF1_HUMAN___UGDH_HUMAN,2,4,A,B,0.0000,0.0,0.0,0.0000,0.1594,0.0000,0.0000,0.0,0.0,0.1600,30.5,89.5,59.0,0.500,0,0,0,0,,,,,,,529,494,,,,,HSF1_HUMAN___UGDH_HUMAN_unrelaxed_rank_002_alphafold2_multimer_v3_model_4_seed_000.pdb
HSF1_HUMAN___UGDH_HUMAN,3,5,A,B,0.0000,0.0,0.0,0.0000,0.1312,0.0000,0.0000,0.0,0.0,0.1600,33.9,90.0,61.0,0.510,0,0,0,0,,,,,,,529,494,,,,,HSF1_HUMAN___UGDH_HUMAN_unrelaxed_rank_003_alphafold2_multimer_v3_model_5_seed_000.pdb
HSF1_HUMAN___UGDH_HUMAN,4,3,A,B,0.0000,0.0,0.0,0.0000,0.1973,0.0000,0.0000,0.0,0.0,0.1600,32.1,89.8,60.0,0.510,0,0,0,0,,,,,,,529,494,,,,,HSF1_HUMAN___UGDH_HUMAN_unrelaxed_rank_004_alphafold2_multimer_v3_model_3_seed_000.pdb
HSF1_HUMAN___UGDH_HUMAN,5,2,A,B,0.0000,0.0,0.0,0.0000,0.0000,0.0000,0.0000,0.0,0.0,0.1400,33.9,90.2,61.1,0.510,0,0,0,0,,,,,,,529,494,,,,,HSF1_HUMAN___UGDH_HUMAN_unrelaxed_rank_005_alphafold2_multimer_v3_model_2_seed_000.pdb
HSF1_HUMAN___API5_HUMAN,1,2,A,B,0.2682,3154.7,846.2,0.3256,0.9106,0.2082,0.3456,59595.0,167.0,0.5700,37.0,80.9,58.8,0.560,135,423,35,48,75.3,92.9,88.6,56.7,86.0,73.6,529,524,"[12-84,94-148,433,435-440]","[1-16,24-321,336-364,368-399,401-448]","[12,14,16-18,62-63,72,75,116-125,129-130,132-138,140-142,144,147-148,436]","[107,141-146,184-192,220,233,236-237,240-241,243,276-277,279-281,284-285,337-341,387,390-391,394,406,409-414,417,443]",HSF1_HUMAN___API5_HUMAN_unrelaxed_rank_001_alphafold2_multimer_v3_model_2_seed_000.pdb
HSF1_HUMAN___API5_HUMAN,2,1,A,B,0.2859,2758.7,788.8,0.3695,0.8688,0.2302,0.3551,62894.0,121.0,0.5700,36.8,80.9,58.7,0.550,134,423,33,41,75.1,92.9,88.6,57.8,84.6,72.6,529,524,"[11-85,91-149]","[3-16,22,24-322,335-362,364,367-399,401-447]","[12,14,16,63,65,67-68,70-71,74-75,116-117,119-120,122,124-125,129-130,132-138,140-142,144,147-148]","[141-143,145,184-185,187-189,192,230-233,240,276-277,279-281,284-285,337-341,386-387,390-391,394,406-407,409-411,413-414,417,443]",HSF1_HUMAN___API5_HUMAN_unrelaxed_rank_002_alphafold2_multimer_v3_model_1_seed_000.pdb
HSF1_HUMAN___API5_HUMAN,3,5,A,B,0.2372,1205.3,285.9,0.1834,0.7939,0.1524,0.3693,36321.0,40.0,0.5200,35.7,81.6,58.5,0.530,105,393,13,12,81.9,94.6,91.9,69.7,84.8,76.9,529,524,"[13-85,92-123]","[3-16,21,24-320,339-362,368-394,409-429,435,437-444]","[16,63,65,67-68,71-72,74-75,117,119-120,122]","[141-143,145,148,184-185,187-189,233,276]",HSF1_HUMAN___API5_HUMAN_unrelaxed_rank_003_alphafold2_multimer_v3_model_5_seed_000.pdb
HSF1_HUMAN___API5_HUMAN,4,3,A,B,0.1863,361.1,67.3,0.0213,0.6941,0.1558,0.2228,4207.0,31.0,0.3700,35.0,80.8,57.8,0.510,20,389,6,12,56.8,93.2,91.4,53.9,84.4,74.2,529,524,"[68-70,72-74,432,434-446]","[7-8,10,14,27-34,41-53,55-56,59-73,75-89,94-274,277-321,338-363,367-446]","[435-436,438-439,442-443]","[392,395-396,399-400,403,412,415-416,419,445-446]",HSF1_HUMAN___API5_HUMAN_unrelaxed_rank_004_alphafold2_multimer_v3_model_3_seed_000.pdb
HSF1_HUMAN___API5_HUMAN,5,4,A,B,0.0864,204.5,17.7,0.0130,0.5535,0.0743,0.1004,1818.0,23.0,0.3100,34.5,79.8,57.0,0.520,38,296,7,8,80.1,93.9,92.3,72.6,79.0,76.0,529,524,"[18-24,27,35,37,44,46-48,51-54,56,60-61,65-79,98-99]","[8,28-33,41-53,56-57,59-89,94-163,165-272,282-297,303-317,340-356,377,388,414-418,420-421,423-427,440-441,443]","[65,67-68,70-72,74]","[141-143,145,148,184-185,187]",HSF1_HUMAN___API5_HUMAN_unrelaxed_rank_005_alphafold2_multimer_v3_model_4_seed_000.pdb
HSF1_HUMAN___DHX9_HUMAN,1,4,A,B,0.0136,18.0,0.2,0.0000,0.5367,0.0139,0.0133,162.0,2.0,0.3500,28.6,78.7,64.0,0.630,9,114,1,2,44.1,94.0,90.3,48.6,82.6,71.3,529,1270,"[388,390-391,393-395,397-399]","[286-287,289-290,399,402,404,406,428,430,446,456,478,490-491,517,519-520,531,551,560,570,577,580,635-636,639,642-643,646,653-654,683,700,707,714,732,736,738,747,752-753,756,764,778,781,791-792,797,801,831-832,835,837,843,850-851,858,862-866,868,873,879,881,884-887,889,892,914,916-918,921,924-925,927,950-953,956-957,960,963,987,990,994,996-997,999,1002,1042,1044-1045,1048,1089-1090,1094,1096-1098,1100,1104,1106,1111,1130-1131,1134-1135]",[394],"[887,889]",HSF1_HUMAN___DHX9_HUMAN_unrelaxed_rank_001_alphafold2_multimer_v3_model_4_seed_000.pdb
HSF1_HUMAN___DHX9_HUMAN,2,1,A,B,0.0000,0.0,0.0,0.0000,0.5299,0.0075,0.0000,1.0,0.0,0.3000,29.7,77.7,63.6,0.610,1,1,0,0,34.4,97.6,66.0,,,,529,1270,[225],[400],,,HSF1_HUMAN___DHX9_HUMAN_unrelaxed_rank_002_alphafold2_multimer_v3_model_1_seed_000.pdb
HSF1_HUMAN___DHX9_HUMAN,3,2,A,B,0.0000,0.0,0.0,0.0000,0.4868,0.0089,0.0000,4.0,0.0,0.2900,30.0,79.0,64.6,0.620,2,3,0,0,39.2,94.1,72.1,,,,529,1270,"[387,390]","[754,779,781]",,,HSF1_HUMAN___DHX9_HUMAN_unrelaxed_rank_003_alphafold2_multimer_v3_model_2_seed_000.pdb
HSF1_HUMAN___DHX9_HUMAN,4,3,A,B,0.0000,0.0,0.0,0.0000,0.3254,0.0000,0.0000,0.0,0.0,0.2200,29.8,78.6,64.3,0.620,0,0,0,0,,,,,,,529,1270,,,,,HSF1_HUMAN___DHX9_HUMAN_unrelaxed_rank_004_alphafold2_multimer_v3_model_3_seed_000.pdb
HSF1_HUMAN___DHX9_HUMAN,5,5,A,B,0.0000,0.0,0.0,0.0000,0.1982,0.0000,0.0000,0.0,0.0,0.1900,28.8,79.0,64.2,0.620,0,0,0,0,,,,,,,529,1270,,,,,HSF1_HUMAN___DHX9_HUMAN_unrelaxed_rank_005_alphafold2_multimer_v3_model_5_seed_000.pdb
HSF1_HUMAN___EF1D_HUMAN,1,3,A,B,0.2763,585.7,161.8,0.0430,0.7562,0.2184,0.3495,3009.0,114.0,0.2300,40.3,54.8,45.3,0.240,59,50,28,25,70.9,63.7,67.6,71.1,66.9,69.1,529,281,[132-190],"[57,60-61,73-119]","[133,136-137,139-140,143-144,146-147,150-151,153-154,157-158,160-161,164-165,167-168,171-172,175,181-182,185,189]","[57,60,76-77,80,83-84,86-87,90-91,93-94,97-98,100-101,104-105,107-108,111-112,114-115]",HSF1_HUMAN___EF1D_HUMAN_unrelaxed_rank_001_alphafold2_multimer_v3_model_3_seed_000.pdb
HSF1_HUMAN___EF1D_HUMAN,2,5,A,B,0.1968,441.8,87.0,0.0153,0.6589,0.1528,0.2536,1992.0,98.0,0.2100,40.2,55.4,45.5,0.240,55,43,24,21,68.4,65.4,67.1,68.3,66.9,67.6,529,281,"[133-183,185-186,188-189]","[57,75-116]","[136-137,139-140,143-144,146-147,150-151,153-154,157-158,160-161,164-165,168,171-172,175,185,189]","[57,77,80,83-84,87,90-91,93-94,97-98,100-101,104-105,107-108,111-112,115]",HSF1_HUMAN___EF1D_HUMAN_unrelaxed_rank_002_alphafold2_multimer_v3_model_5_seed_000.pdb
HSF1_HUMAN___EF1D_HUMAN,3,1,A,B,0.1796,176.7,31.7,0.0167,0.5860,0.1494,0.2159,664.0,47.0,0.1900,39.9,53.2,44.5,0.250,90,10,14,8,84.9,40.0,80.4,78.7,40.8,64.9,529,281,"[15-81,96-118]",[155-164],"[16-18,20-22,60-63,68-69,71-72]","[155-156,158-163]",HSF1_HUMAN___EF1D_HUMAN_unrelaxed_rank_003_alphafold2_multimer_v3_model_1_seed_000.pdb
HSF1_HUMAN___EF1D_HUMAN,4,4,A,B,0.0000,0.0,0.0,0.0000,0.2543,0.0000,0.0000,0.0,0.0,0.1600,38.7,51.9,43.3,0.240,0,0,0,0,,,,,,,529,281,,,,,HSF1_HUMAN___EF1D_HUMAN_unrelaxed_rank_004_alphafold2_multimer_v3_model_4_seed_000.pdb
HSF1_HUMAN___EF1D_HUMAN,5,2,A,B,0.0000,0.0,0.0,0.0000,0.2675,0.0000,0.0000,0.0,0.0,0.1400,40.2,57.0,46.0,0.230,0,0,0,0,,,,,,,529,281,,,,,HSF1_HUMAN___EF1D_HUMAN_unrelaxed_rank_005_alphafold2_multimer_v3_model_2_seed_000.pdb
HSF1_HUMAN___MPP8_HUMAN,1,5,A,B,0.4751,1903.2,904.2,0.4994,0.9831,0.2929,0.7706,53270.0,68.0,0.3800,35.7,47.9,43.3,0.390,111,297,10,17,86.9,94.8,92.7,82.7,93.0,89.2,529,860,[11-121],[564-860],[82-91],"[756,786-788,790,795,797,799-803,841,843,846-848]",HSF1_HUMAN___MPP8_HUMAN_unrelaxed_rank_001_alphafold2_multimer_v3_model_5_seed_000.pdb
HSF1_HUMAN___MPP8_HUMAN,2,3,A,B,0.4080,1582.5,645.7,0.3959,0.9762,0.2280,0.7302,36828.0,68.0,0.3700,34.8,47.8,42.8,0.380,108,295,10,17,83.9,94.4,91.6,79.6,92.2,87.5,529,860,[13-120],[566-860],[82-91],"[756,786-788,790,795,797,799-803,841,843,846-848]",HSF1_HUMAN___MPP8_HUMAN_unrelaxed_rank_002_alphafold2_multimer_v3_model_3_seed_000.pdb
HSF1_HUMAN___MPP8_HUMAN,3,2,A,B,0.3972,1519.0,603.4,0.3885,0.9718,0.2198,0.7180,33934.0,68.0,0.3600,36.3,48.3,43.7,0.380,108,294,10,16,85.3,95.0,92.4,78.3,92.6,87.1,529,860,[13-120],"[566-588,590-860]",[82-91],"[756,786-788,790,795,797,800-803,841,843,846-848]",HSF1_HUMAN___MPP8_HUMAN_unrelaxed_rank_003_alphafold2_multimer_v3_model_2_seed_000.pdb
HSF1_HUMAN___MPP8_HUMAN,4,4,A,B,0.4054,1678.6,680.5,0.3772,0.9757,0.2278,0.7215,40254.0,70.0,0.3500,34.7,47.0,42.3,0.390,111,294,10,17,83.6,93.8,91.0,79.1,91.5,86.9,529,860,"[13-121,189-190]","[566-588,590-860]",[82-91],"[756,786-788,790,795,797,799-803,841,843,846-848]",HSF1_HUMAN___MPP8_HUMAN_unrelaxed_rank_004_alphafold2_multimer_v3_model_4_seed_000.pdb
HSF1_HUMAN___MPP8_HUMAN,5,1,A,B,0.0000,0.0,0.0,0.0000,0.3405,0.0000,0.0000,0.0,0.0,0.1800,31.9,46.5,40.9,0.330,0,0,0,0,,,,,,,529,860,,,,,HSF1_HUMAN___MPP8_HUMAN_unrelaxed_rank_005_alphafold2_multimer_v3_model_1_seed_000.pdb
HSF1_HUMAN___PGRC1_HUMAN,1,3,A,B,0.2214,211.9,46.9,0.0241,0.6870,0.1782,0.2750,1151.0,39.0,0.3400,38.3,67.2,46.1,0.300,17,107,6,14,61.1,87.8,84.1,52.6,81.7,73.0,529,195,"[80-93,96-98]","[70-173,175,177-178]","[84-85,88-91]","[103,106,111-113,124-125,128-130,156,159-160,163]",HSF1_HUMAN___PGRC1_HUMAN_unrelaxed_rank_001_alphafold2_multimer_v3_model_3_seed_000.pdb
HSF1_HUMAN___PGRC1_HUMAN,2,1,A,B,0.0000,0.0,0.0,0.0000,0.3240,0.0000,0.0000,0.0,0.0,0.2000,39.1,64.5,45.9,0.270,0,0,0,0,,,,,,,529,195,,,,,HSF1_HUMAN___PGRC1_HUMAN_unrelaxed_rank_002_alphafold2_multimer_v3_model_1_seed_000.pdb
HSF1_HUMAN___PGRC1_HUMAN,3,4,A,B,0.0000,0.0,0.0,0.0000,0.2313,0.0000,0.0000,0.0,0.0,0.1800,35.2,65.2,43.3,0.270,0,0,0,0,,,,,,,529,195,,,,,HSF1_HUMAN___PGRC1_HUMAN_unrelaxed_rank_003_alphafold2_multimer_v3_model_4_seed_000.pdb
HSF1_HUMAN___PGRC1_HUMAN,4,2,A,B,0.0971,74.9,7.3,0.0118,0.4838,0.0753,0.1251,295.0,19.0,0.1800,39.2,68.5,47.1,0.270,31,19,6,6,57.4,56.1,56.9,53.7,56.7,55.2,529,195,"[168,170-198,380]","[30-47,81]","[182,185-186,189,193,196]","[30-31,34-35,38,42]",HSF1_HUMAN___PGRC1_HUMAN_unrelaxed_rank_004_alphafold2_multimer_v3_model_2_seed_000.pdb
HSF1_HUMAN___PGRC1_HUMAN,5,5,A,B,0.0000,0.0,0.0,0.0000,0.3003,0.0000,0.0000,0.0,0.0,0.1600,39.2,68.2,47.0,0.260,0,0,0,0,,,,,,,529,195,,,,,HSF1_HUMAN___PGRC1_HUMAN_unrelaxed_rank_005_alphafold2_multimer_v3_model_5_seed_000.pdb
HSF1_HUMAN___RBM14_HUMAN,1,1,A,B,0.0000,0.0,0.0,0.0000,0.1475,0.0000,0.0000,0.0,0.0,0.1600,35.9,30.7,33.0,0.220,0,0,0,0,,,,,,,529,669,,,,,HSF1_HUMAN___RBM14_HUMAN_unrelaxed_rank_001_alphafold2_multimer_v3_model_1_seed_000.pdb
HSF1_HUMAN___RBM14_HUMAN,2,3,A,B,0.0000,0.0,0.0,0.0000,0.1694,0.0000,0.0000,0.0,0.0,0.1600,35.6,30.5,32.8,0.220,0,0,0,0,,,,,,,529,669,,,,,HSF1_HUMAN___RBM14_HUMAN_unrelaxed_rank_002_alphafold2_multimer_v3_model_3_seed_000.pdb
HSF1_HUMAN___RBM14_HUMAN,3,2,A,B,0.0000,0.0,0.0,0.0000,0.1616,0.0000,0.0000,0.0,0.0,0.1600,39.1,31.4,34.8,0.230,0,0,0,0,,,,,,,529,669,,,,,HSF1_HUMAN___RBM14_HUMAN_unrelaxed_rank_003_alphafold2_multimer_v3_model_2_seed_000.pdb
HSF1_HUMAN___RBM14_HUMAN,4,5,A,B,0.0000,0.0,0.0,0.0000,0.1212,0.0000,0.0000,0.0,0.0,0.1500,37.6,31.8,34.4,0.220,0,0,0,0,,,,,,,529,669,,,,,HSF1_HUMAN___RBM14_HUMAN_unrelaxed_rank_004_alphafold2_multimer_v3_model_5_seed_000.pdb
HSF1_HUMAN___RBM14_HUMAN,5,4,A,B,0.0000,0.0,0.0,0.0000,0.1975,0.0000,0.0000,0.0,0.0,0.1500,36.0,32.0,33.8,0.220,0,0,0,0,,,,,,,529,669,,,,,HSF1_HUMAN___RBM14_HUMAN_unrelaxed_rank_005_alphafold2_multimer_v3_model_4_seed_000.pdb
HSF1_HUMAN___ROA3_HUMAN,1,4,A,B,0.0000,0.0,0.0,0.0000,0.2558,0.0000,0.0000,0.0,0.0,0.2100,36.5,52.4,43.1,0.310,0,0,0,0,,,,,,,529,378,,,,,HSF1_HUMAN___ROA3_HUMAN_unrelaxed_rank_001_alphafold2_multimer_v3_model_4_seed_000.pdb
HSF1_HUMAN___ROA3_HUMAN,2,3,A,B,0.0000,0.0,0.0,0.0000,0.1701,0.0000,0.0000,0.0,0.0,0.1500,37.0,51.7,43.1,0.310,0,0,0,0,,,,,,,529,378,,,,,HSF1_HUMAN___ROA3_HUMAN_unrelaxed_rank_002_alphafold2_multimer_v3_model_3_seed_000.pdb
HSF1_HUMAN___ROA3_HUMAN,3,1,A,B,0.0000,0.0,0.0,0.0000,0.1697,0.0000,0.0000,0.0,0.0,0.1500,36.8,52.7,43.4,0.300,0,0,0,0,,,,,,,529,378,,,,,HSF1_HUMAN___ROA3_HUMAN_unrelaxed_rank_003_alphafold2_multimer_v3_model_1_seed_000.pdb
HSF1_HUMAN___ROA3_HUMAN,4,5,A,B,0.0000,0.0,0.0,0.0000,0.2301,0.0000,0.0000,0.0,0.0,0.1400,38.0,52.7,44.1,0.290,0,0,0,0,,,,,,,529,378,,,,,HSF1_HUMAN___ROA3_HUMAN_unrelaxed_rank_004_alphafold2_multimer_v3_model_5_seed_000.pdb
HSF1_HUMAN___ROA3_HUMAN,5,2,A,B,0.0000,0.0,0.0,0.0000,0.1274,0.0000,0.0000,0.0,0.0,0.1400,39.2,53.9,45.3,0.290,0,0,0,0,,,,,,,529,378,,,,,HSF1_HUMAN___ROA3_HUMAN_unrelaxed_rank_005_alphafold2_multimer_v3_model_2_seed_000.pdb
HSF1_HUMAN___ILF3_HUMAN,1,5,A,B,0.5331,1828.4,974.6,0.6216,0.9828,0.3704,0.7672,57637.0,58.0,0.4100,37.4,53.8,47.7,0.400,112,321,9,17,85.1,91.7,90.0,80.6,94.7,89.8,529,894,[11-122],"[3-58,81-345]","[81-85,87-90]","[22-23,25,28-29,31-32,35,94,98-101,103,217,221,227]",HSF1_HUMAN___ILF3_HUMAN_unrelaxed_rank_001_alphafold2_multimer_v3_model_5_seed_000.pdb
HSF1_HUMAN___ILF3_HUMAN,2,3,A,B,0.4940,1794.4,886.5,0.5923,0.9795,0.3271,0.7461,51933.0,62.0,0.4100,37.0,53.6,47.4,0.400,110,322,10,16,83.9,90.6,88.9,81.2,94.3,89.3,529,894,[12-121],"[2-57,81-346]","[79,81-85,87-90]","[23,25,28-29,31-32,35,94,98-101,103,217,221,227]",HSF1_HUMAN___ILF3_HUMAN_unrelaxed_rank_002_alphafold2_multimer_v3_model_3_seed_000.pdb
HSF1_HUMAN___ILF3_HUMAN,3,4,A,B,0.3324,3125.5,1038.8,0.4164,0.9699,0.2717,0.4065,57128.0,171.0,0.3700,39.4,52.5,47.6,0.410,142,320,30,49,77.0,89.6,85.7,62.6,88.1,78.4,529,894,"[12-122,374-404]","[2-57,81-344]","[79,81-90,100,374-379,381,384-385,387-388,391-392,395-396,398-399,402]","[2,6,23,25,28-29,31-32,35-36,39,94,98-103,213,216-217,221,227,253-254,257-258,260-263,273-274,277-278,280-281,283,289-294,299,301,322,326-327]",HSF1_HUMAN___ILF3_HUMAN_unrelaxed_rank_003_alphafold2_multimer_v3_model_4_seed_000.pdb
HSF1_HUMAN___ILF3_HUMAN,4,2,A,B,0.3531,1523.5,537.9,0.4160,0.9615,0.2053,0.6073,36265.0,64.0,0.3800,36.9,53.5,47.3,0.390,108,313,10,17,84.7,92.9,90.8,71.8,93.5,85.5,529,894,[13-120],"[4-55,83-343]","[81-85,87-91]","[22-23,25,28-29,31-32,35,94,98-101,103,217,221,227]",HSF1_HUMAN___ILF3_HUMAN_unrelaxed_rank_004_alphafold2_multimer_v3_model_2_seed_000.pdb
HSF1_HUMAN___ILF3_HUMAN,5,1,A,B,0.0000,0.0,0.0,0.0000,0.3385,0.0000,0.0000,0.0,0.0,0.2000,33.2,52.8,45.5,0.360,0,0,0,0,,,,,,,529,894,,,,,HSF1_HUMAN___ILF3_HUMAN_unrelaxed_rank_005_alphafold2_multimer_v3_model_1_seed_000.pdb
HSF1_HUMAN___NOLC1_HUMAN,1,4,A,B,0.1208,98.5,11.9,0.0147,0.6507,0.1014,0.1440,462.0,21.0,0.1900,39.3,25.1,31.2,0.210,20,39,6,9,57.3,57.2,57.2,54.9,55.3,55.1,529,699,[179-198],"[10,13-39,49-59]","[186,189,192-193,196-197]","[14,18,21,25,34,37,50,54,57]",HSF1_HUMAN___NOLC1_HUMAN_unrelaxed_rank_001_alphafold2_multimer_v3_model_4_seed_000.pdb
HSF1_HUMAN___NOLC1_HUMAN,2,2,A,B,0.0751,40.7,3.1,0.0112,0.5746,0.0550,0.1026,207.0,8.0,0.1800,39.8,25.9,31.9,0.220,21,34,3,4,62.4,64.0,63.4,58.2,58.0,58.1,529,699,"[175-177,179-196]","[13-38,52-59]","[189,192-193]","[18,21,54,57]",HSF1_HUMAN___NOLC1_HUMAN_unrelaxed_rank_002_alphafold2_multimer_v3_model_2_seed_000.pdb
HSF1_HUMAN___NOLC1_HUMAN,3,1,A,B,0.0402,32.1,1.3,0.0118,0.4905,0.0395,0.0409,86.0,12.0,0.1700,38.4,24.6,30.5,0.230,8,31,3,6,55.0,57.2,56.7,55.1,54.3,54.6,529,699,"[185-186,189-194]","[13-25,30-33,35-38,49-55,57-59]","[189,192-193]","[14,18,21,50,53,57]",HSF1_HUMAN___NOLC1_HUMAN_unrelaxed_rank_003_alphafold2_multimer_v3_model_1_seed_000.pdb
HSF1_HUMAN___NOLC1_HUMAN,4,3,A,B,0.0286,6.9,0.2,0.0000,0.4897,0.0207,0.0396,24.0,2.0,0.1700,38.5,25.9,31.3,0.210,5,9,2,1,55.8,61.2,59.3,55.7,67.9,59.8,529,699,"[186,189-190,193-194]","[17-19,21-25,58]","[189,193]",[18],HSF1_HUMAN___NOLC1_HUMAN_unrelaxed_rank_004_alphafold2_multimer_v3_model_3_seed_000.pdb
HSF1_HUMAN___NOLC1_HUMAN,5,5,A,B,0.0067,1.0,0.0,0.0000,0.4743,0.0067,0.0067,1.0,1.0,0.1600,39.8,26.0,31.9,0.210,1,1,1,1,62.2,74.0,68.1,62.2,74.0,68.1,529,699,[189],[18],[189],[18],HSF1_HUMAN___NOLC1_HUMAN_unrelaxed_rank_005_alphafold2_multimer_v3_model_5_seed_000.pdb
HSF1_HUMAN___RBMX_HUMAN,1,3,A,B,0.0000,0.0,0.0,0.0000,0.1583,0.0000,0.0000,0.0,0.0,0.1500,38.6,31.8,35.7,0.230,0,0,0,0,,,,,,,529,391,,,,,HSF1_HUMAN___RBMX_HUMAN_unrelaxed_rank_001_alphafold2_multimer_v3_model_3_seed_000.pdb
HSF1_HUMAN___RBMX_HUMAN,2,4,A,B,0.0000,0.0,0.0,0.0000,0.2002,0.0000,0.0000,0.0,0.0,0.1500,39.5,32.4,36.5,0.230,0,0,0,0,,,,,,,529,391,,,,,HSF1_HUMAN___RBMX_HUMAN_unrelaxed_rank_002_alphafold2_multimer_v3_model_4_seed_000.pdb
HSF1_HUMAN___RBMX_HUMAN,3,1,A,B,0.0000,0.0,0.0,0.0000,0.1541,0.0000,0.0000,0.0,0.0,0.1500,39.4,31.2,35.9,0.230,0,0,0,0,,,,,,,529,391,,,,,HSF1_HUMAN___RBMX_HUMAN_unrelaxed_rank_003_alphafold2_multimer_v3_model_1_seed_000.pdb
HSF1_HUMAN___RBMX_HUMAN,4,5,A,B,0.0000,0.0,0.0,0.0000,0.1311,0.0000,0.0000,0.0,0.0,0.1400,40.1,33.0,37.1,0.230,0,0,0,0,,,,,,,529,391,,,,,HSF1_HUMAN___RBMX_HUMAN_unrelaxed_rank_004_alphafold2_multimer_v3_model_5_seed_000.pdb
HSF1_HUMAN___RBMX_HUMAN,5,2,A,B,0.0000,0.0,0.0,0.0000,0.1150,0.0000,0.0000,0.0,0.0,0.1300,41.7,33.0,38.0,0.230,0,0,0,0,,,,,,,529,391,,,,,HSF1_HUMAN___RBMX_HUMAN_unrelaxed_rank_005_alphafold2_multimer_v3_model_2_seed_000.pdb
HSF1_HUMAN___SF3B1_HUMAN,1,3,A,B,0.0000,0.0,0.0,0.0000,0.3475,0.0000,0.0000,0.0,0.0,0.2100,32.9,69.9,59.2,0.500,0,0,0,0,,,,,,,529,1304,,,,,HSF1_HUMAN___SF3B1_HUMAN_unrelaxed_rank_001_alphafold2_multimer_v3_model_3_seed_000.pdb
HSF1_HUMAN___SF3B1_HUMAN,2,1,A,B,0.0000,0.0,0.0,0.0000,0.5007,0.0000,0.0000,0.0,0.0,0.2100,33.2,69.7,59.2,0.470,0,0,0,0,,,,,,,529,1304,,,,,HSF1_HUMAN___SF3B1_HUMAN_unrelaxed_rank_002_alphafold2_multimer_v3_model_1_seed_000.pdb
HSF1_HUMAN___SF3B1_HUMAN,3,5,A,B,0.0000,0.0,0.0,0.0000,0.3689,0.0000,0.0000,0.0,0.0,0.2100,32.1,68.7,58.1,0.490,0,0,0,0,,,,,,,529,1304,,,,,HSF1_HUMAN___SF3B1_HUMAN_unrelaxed_rank_003_alphafold2_multimer_v3_model_5_seed_000.pdb
HSF1_HUMAN___SF3B1_HUMAN,4,2,A,B,0.0000,0.0,0.0,0.0000,0.2919,0.0000,0.0000,0.0,0.0,0.2000,32.1,70.1,59.1,0.500,0,0,0,0,,,,,,,529,1304,,,,,HSF1_HUMAN___SF3B1_HUMAN_unrelaxed_rank_004_alphafold2_multimer_v3_model_2_seed_000.pdb
HSF1_HUMAN___SF3B1_HUMAN,5,4,A,B,0.0000,0.0,0.0,0.0000,0.2368,0.0000,0.0000,0.0,0.0,0.1900,31.7,68.4,57.8,0.490,0,0,0,0,,,,,,,529,1304,,,,,HSF1_HUMAN___SF3B1_HUMAN_unrelaxed_rank_005_alphafold2_multimer_v3_model_4_seed_000.pdb
HSF1_HUMAN___SNW1_HUMAN,1,3,A,B,0.0000,0.0,0.0,0.0000,0.2169,0.0000,0.0000,0.0,0.0,0.1400,39.1,40.8,40.0,0.220,0,0,0,0,,,,,,,529,536,,,,,HSF1_HUMAN___SNW1_HUMAN_unrelaxed_rank_001_alphafold2_multimer_v3_model_3_seed_000.pdb
HSF1_HUMAN___SNW1_HUMAN,2,4,A,B,0.0000,0.0,0.0,0.0000,0.1916,0.0000,0.0000,0.0,0.0,0.1400,38.9,37.4,38.1,0.210,0,0,0,0,,,,,,,529,536,,,,,HSF1_HUMAN___SNW1_HUMAN_unrelaxed_rank_002_alphafold2_multimer_v3_model_4_seed_000.pdb
HSF1_HUMAN___SNW1_HUMAN,3,2,A,B,0.0000,0.0,0.0,0.0000,0.1184,0.0000,0.0000,0.0,0.0,0.1300,41.7,41.5,41.6,0.220,0,0,0,0,,,,,,,529,536,,,,,HSF1_HUMAN___SNW1_HUMAN_unrelaxed_rank_003_alphafold2_multimer_v3_model_2_seed_000.pdb
HSF1_HUMAN___SNW1_HUMAN,4,1,A,B,0.0000,0.0,0.0,0.0000,0.1890,0.0000,0.0000,0.0,0.0,0.1300,40.4,39.5,39.9,0.220,0,0,0,0,,,,,,,529,536,,,,,HSF1_HUMAN___SNW1_HUMAN_unrelaxed_rank_004_alphafold2_multimer_v3_model_1_seed_000.pdb
HSF1_HUMAN___SNW1_HUMAN,5,5,A,B,0.0000,0.0,0.0,0.0000,0.1095,0.0000,0.0000,0.0,0.0,0.1300,39.7,38.6,39.1,0.210,0,0,0,0,,,,,,,529,536,,,,,HSF1_HUMAN___SNW1_HUMAN_unrelaxed_rank_005_alphafold2_multimer_v3_model_5_seed_000.pdb
HSF1_HUMAN___TAGL2_HUMAN,1,3,A,B,0.0000,0.0,0.0,0.0000,0.1099,0.0000,0.0000,0.0,0.0,0.1400,39.3,71.0,48.0,0.280,0,0,0,0,,,,,,,529,199,,,,,HSF1_HUMAN___TAGL2_HUMAN_unrelaxed_rank_001_alphafold2_multimer_v3_model_3_seed_000.pdb
HSF1_HUMAN___TAGL2_HUMAN,2,1,A,B,0.0000,0.0,0.0,0.0000,0.0955,0.0000,0.0000,0.0,0.0,0.1300,39.8,72.9,48.8,0.280,0,0,0,0,,,,,,,529,199,,,,,HSF1_HUMAN___TAGL2_HUMAN_unrelaxed_rank_002_alphafold2_multimer_v3_model_1_seed_000.pdb
HSF1_HUMAN___TAGL2_HUMAN,3,5,A,B,0.0000,0.0,0.0,0.0000,0.0871,0.0000,0.0000,0.0,0.0,0.1200,40.1,72.4,48.9,0.280,0,0,0,0,,,,,,,529,199,,,,,HSF1_HUMAN___TAGL2_HUMAN_unrelaxed_rank_003_alphafold2_multimer_v3_model_5_seed_000.pdb
HSF1_HUMAN___TAGL2_HUMAN,4,4,A,B,0.0000,0.0,0.0,0.0000,0.0849,0.0000,0.0000,0.0,0.0,0.1200,38.6,71.7,47.6,0.270,0,0,0,0,,,,,,,529,199,,,,,HSF1_HUMAN___TAGL2_HUMAN_unrelaxed_rank_004_alphafold2_multimer_v3_model_4_seed_000.pdb
HSF1_HUMAN___TAGL2_HUMAN,5,2,A,B,0.0000,0.0,0.0,0.0000,0.0000,0.0000,0.0000,0.0,0.0,0.1200,40.6,76.3,50.4,0.280,0,0,0,0,,,,,,,529,199,,,,,HSF1_HUMAN___TAGL2_HUMAN_unrelaxed_rank_005_alphafold2_multimer_v3_model_2_seed_000.pdb
HSF1_HUMAN___TRA2B_HUMAN,1,4,A,B,0.1801,479.1,86.3,0.1518,0.6083,0.1706,0.1901,15300.0,15.0,0.3300,40.6,42.6,41.3,0.300,111,106,8,8,82.2,80.8,81.5,60.5,75.9,68.2,529,288,[12-122],[104-209],"[49,67,82,84,87-88,95,122]","[111-112,154-155,180-181,188,190]",HSF1_HUMAN___TRA2B_HUMAN_unrelaxed_rank_001_alphafold2_multimer_v3_model_4_seed_000.pdb
HSF1_HUMAN___TRA2B_HUMAN,2,3,A,B,0.0421,126.4,5.3,0.0114,0.4717,0.0375,0.0473,841.0,19.0,0.2700,39.6,41.1,40.1,0.280,70,84,5,8,82.7,80.8,81.7,41.6,86.9,69.5,529,288,"[16,18-27,32-35,37,42,44-46,49-50,52-57,61,65-93,95,97-99,101-105,113-114,116]","[104,106,108-109,111-112,114,119-139,141,144,146-152,155,158-167,169-179,181-184,186-199,201-207]",[87-91],"[123-124,181,187-191]",HSF1_HUMAN___TRA2B_HUMAN_unrelaxed_rank_002_alphafold2_multimer_v3_model_3_seed_000.pdb
HSF1_HUMAN___TRA2B_HUMAN,3,2,A,B,0.0000,0.0,0.0,0.0000,0.2199,0.0000,0.0000,0.0,0.0,0.2000,42.0,40.6,41.5,0.260,0,0,0,0,,,,,,,529,288,,,,,HSF1_HUMAN___TRA2B_HUMAN_unrelaxed_rank_003_alphafold2_multimer_v3_model_2_seed_000.pdb
HSF1_HUMAN___TRA2B_HUMAN,4,1,A,B,0.0000,0.0,0.0,0.0000,0.2434,0.0000,0.0000,0.0,0.0,0.2000,40.1,38.9,39.7,0.250,0,0,0,0,,,,,,,529,288,,,,,HSF1_HUMAN___TRA2B_HUMAN_unrelaxed_rank_004_alphafold2_multimer_v3_model_1_seed_000.pdb
HSF1_HUMAN___TRA2B_HUMAN,5,5,A,B,0.0000,0.0,0.0,0.0000,0.1246,0.0000,0.0000,0.0,0.0,0.1400,39.8,40.3,40.0,0.240,0,0,0,0,,,,,,,529,288,,,,,HSF1_HUMAN___TRA2B_HUMAN_unrelaxed_rank_005_alphafold2_multimer_v3_model_5_seed_000.pdb
HSF1_HUMAN___ACINU_HUMAN,1,4,A,B,0.3113,885.6,275.7,0.2364,0.9313,0.2090,0.4636,15686.0,50.0,0.3100,37.9,29.4,31.8,0.260,105,115,12,13,82.6,84.6,83.6,81.2,75.6,78.3,529,1341,"[11-86,92-120]","[979,981,990-1102]","[12,17,20-21,24-25,28,30,59-62]","[990-992,1020-1024,1048-1050,1077,1079]",HSF1_HUMAN___ACINU_HUMAN_unrelaxed_rank_001_alphafold2_multimer_v3_model_4_seed_000.pdb
HSF1_HUMAN___ACINU_HUMAN,2,1,A,B,0.2346,638.9,149.9,0.1117,0.8314,0.1503,0.3662,9276.0,44.0,0.3000,36.4,29.7,31.6,0.260,95,99,9,12,84.6,86.0,85.3,81.8,81.6,81.7,529,1341,"[13-82,95-119]","[992-998,1007-1008,1010-1099]","[17,20-21,24,58-62]","[1020-1025,1047-1050,1077,1079]",HSF1_HUMAN___ACINU_HUMAN_unrelaxed_rank_002_alphafold2_multimer_v3_model_1_seed_000.pdb
HSF1_HUMAN___ACINU_HUMAN,3,2,A,B,0.0000,0.0,0.0,0.0000,0.1717,0.0347,0.0000,108.0,0.0,0.2600,38.7,31.5,33.5,0.250,10,54,0,0,89.7,92.5,92.1,,,,529,1341,"[67-68,70-75,77,103]","[1013-1016,1019-1024,1027-1034,1039,1043-1045,1048-1050,1052-1070,1072-1073,1076,1080-1084,1091-1092]",,,HSF1_HUMAN___ACINU_HUMAN_unrelaxed_rank_003_alphafold2_multimer_v3_model_2_seed_000.pdb
HSF1_HUMAN___ACINU_HUMAN,4,5,A,B,0.0000,0.0,0.0,0.0000,0.1953,0.0000,0.0000,0.0,0.0,0.2200,37.5,31.8,33.4,0.240,0,0,0,0,,,,,,,529,1341,,,,,HSF1_HUMAN___ACINU_HUMAN_unrelaxed_rank_004_alphafold2_multimer_v3_model_5_seed_000.pdb
HSF1_HUMAN___ACINU_HUMAN,5,3,A,B,0.0000,0.0,0.0,0.0000,0.3828,0.0158,0.0000,1.0,0.0,0.2100,36.3,30.9,32.4,0.230,1,1,0,0,54.6,59.6,57.1,,,,529,1341,[168],[144],,,HSF1_HUMAN___ACINU_HUMAN_unrelaxed_rank_005_alphafold2_multimer_v3_model_3_seed_000.pdb
HSF1_HUMAN___H12_HUMAN,1,1,A,B,0.0000,0.0,0.0,0.0000,0.1016,0.0000,0.0000,0.0,0.0,0.1400,41.4,38.2,40.5,0.240,0,0,0,0,,,,,,,529,213,,,,,HSF1_HUMAN___H12_HUMAN_unrelaxed_rank_001_alphafold2_multimer_v3_model_1_seed_000.pdb
HSF1_HUMAN___H12_HUMAN,2,2,A,B,0.0000,0.0,0.0,0.0000,0.0928,0.0000,0.0000,0.0,0.0,0.1300,42.8,42.2,42.6,0.240,0,0,0,0,,,,,,,529,213,,,,,HSF1_HUMAN___H12_HUMAN_unrelaxed_rank_002_alphafold2_multimer_v3_model_2_seed_000.pdb
HSF1_HUMAN___H12_HUMAN,3,3,A,B,0.0000,0.0,0.0,0.0000,0.1376,0.0000,0.0000,0.0,0.0,0.1200,41.1,38.3,40.3,0.230,0,0,0,0,,,,,,,529,213,,,,,HSF1_HUMAN___H12_HUMAN_unrelaxed_rank_003_alphafold2_multimer_v3_model_3_seed_000.pdb
HSF1_HUMAN___H12_HUMAN,4,5,A,B,0.0000,0.0,0.0,0.0000,0.0826,0.0000,0.0000,0.0,0.0,0.1200,41.8,40.2,41.3,0.230,0,0,0,0,,,,,,,529,213,,,,,HSF1_HUMAN___H12_HUMAN_unrelaxed_rank_004_alphafold2_multimer_v3_model_5_seed_000.pdb
HSF1_HUMAN___H12_HUMAN,5,4,A,B,0.0000,0.0,0.0,0.0000,0.0886,0.0000,0.0000,0.0,0.0,0.1200,41.3,40.3,41.0,0.230,0,0,0,0,,,,,,,529,213,,,,,HSF1_HUMAN___H12_HUMAN_unrelaxed_rank_005_alphafold2_multimer_v3_model_4_seed_000.pdb
HSF1_HUMAN___MCM2_HUMAN,1,3,A,B,0.0000,0.0,0.0,0.0000,0.2176,0.0000,0.0000,0.0,0.0,0.2000,30.5,69.9,55.4,0.480,0,0,0,0,,,,,,,529,904,,,,,HSF1_HUMAN___MCM2_HUMAN_unrelaxed_rank_001_alphafold2_multimer_v3_model_3_seed_000.pdb
HSF1_HUMAN___MCM2_HUMAN,2,1,A,B,0.0000,0.0,0.0,0.0000,0.3226,0.0000,0.0000,0.0,0.0,0.1900,32.2,67.7,54.6,0.440,0,0,0,0,,,,,,,529,904,,,,,HSF1_HUMAN___MCM2_HUMAN_unrelaxed_rank_002_alphafold2_multimer_v3_model_1_seed_000.pdb
HSF1_HUMAN___MCM2_HUMAN,3,2,A,B,0.0000,0.0,0.0,0.0000,0.3775,0.0000,0.0000,0.0,0.0,0.1900,31.8,66.3,53.6,0.420,0,0,0,0,,,,,,,529,904,,,,,HSF1_HUMAN___MCM2_HUMAN_unrelaxed_rank_003_alphafold2_multimer_v3_model_2_seed_000.pdb
HSF1_HUMAN___MCM2_HUMAN,4,4,A,B,0.0000,0.0,0.0,0.0000,0.3233,0.0000,0.0000,0.0,0.0,0.1600,29.5,69.0,54.4,0.470,0,0,0,0,,,,,,,529,904,,,,,HSF1_HUMAN___MCM2_HUMAN_unrelaxed_rank_004_alphafold2_multimer_v3_model_4_seed_000.pdb
HSF1_HUMAN___MCM2_HUMAN,5,5,A,B,0.0000,0.0,0.0,0.0000,0.1512,0.0000,0.0000,0.0,0.0,0.1600,32.5,69.5,55.8,0.490,0,0,0,0,,,,,,,529,904,,,,,HSF1_HUMAN___MCM2_HUMAN_unrelaxed_rank_005_alphafold2_multimer_v3_model_5_seed_000.pdb
HSF1_HUMAN___METK2_HUMAN,1,3,A,B,0.0000,0.0,0.0,0.0000,0.2544,0.0000,0.0000,0.0,0.0,0.1900,34.4,91.7,58.9,0.470,0,0,0,0,,,,,,,529,395,,,,,HSF1_HUMAN___METK2_HUMAN_unrelaxed_rank_001_alphafold2_multimer_v3_model_3_seed_000.pdb
HSF1_HUMAN___METK2_HUMAN,2,5,A,B,0.0000,0.0,0.0,0.0000,0.2387,0.0000,0.0000,0.0,0.0,0.1800,36.3,91.9,60.1,0.470,0,0,0,0,,,,,,,529,395,,,,,HSF1_HUMAN___METK2_HUMAN_unrelaxed_rank_002_alphafold2_multimer_v3_model_5_seed_000.pdb
HSF1_HUMAN___METK2_HUMAN,3,1,A,B,0.0000,0.0,0.0,0.0000,0.3246,0.0000,0.0000,0.0,0.0,0.1800,37.6,92.1,60.9,0.480,0,0,0,0,,,,,,,529,395,,,,,HSF1_HUMAN___METK2_HUMAN_unrelaxed_rank_003_alphafold2_multimer_v3_model_1_seed_000.pdb
HSF1_HUMAN___METK2_HUMAN,4,2,A,B,0.0000,0.0,0.0,0.0000,0.1475,0.0000,0.0000,0.0,0.0,0.1600,36.4,92.8,60.5,0.470,0,0,0,0,,,,,,,529,395,,,,,HSF1_HUMAN___METK2_HUMAN_unrelaxed_rank_004_alphafold2_multimer_v3_model_2_seed_000.pdb
HSF1_HUMAN___METK2_HUMAN,5,4,A,B,0.0000,0.0,0.0,0.0000,0.1291,0.0000,0.0000,0.0,0.0,0.1500,34.2,92.8,59.3,0.470,0,0,0,0,,,,,,,529,395,,,,,HSF1_HUMAN___METK2_HUMAN_unrelaxed_rank_005_alphafold2_multimer_v3_model_4_seed_000.pdb
HSF1_HUMAN___PPM1G_HUMAN,1,3,A,B,0.0000,0.0,0.0,0.0000,0.4255,0.0215,0.0000,178.0,0.0,0.2300,33.4,62.4,48.1,0.410,4,160,0,0,75.1,97.1,96.6,,,,529,546,"[57,66,69,73]","[8,10-11,14,16,27,30,32-35,39,42,45,47,53-55,58-60,65,67-72,76,78-80,82-87,90-96,99-100,102,105,110-115,325,328-332,335-337,340-343,345-346,352-355,359,366-384,389-391,397-398,400-401,403,405-406,408-409,411,415-418,421,424,426-430,433,435,437,440,442-444,446-459,472,474-484,497-505]",,,HSF1_HUMAN___PPM1G_HUMAN_unrelaxed_rank_001_alphafold2_multimer_v3_model_3_seed_000.pdb
HSF1_HUMAN___PPM1G_HUMAN,2,1,A,B,0.0192,21.5,0.4,0.0000,0.4228,0.0256,0.0143,154.0,3.0,0.2100,32.6,61.5,47.3,0.400,3,144,1,3,65.5,96.7,96.1,60.9,73.9,70.7,529,546,"[68-69,72]","[9-11,13-16,26-28,30,32,35,42-47,53-60,62-63,67-69,71-82,86,90,92-103,105,110,112-114,116,330-337,342-345,347,350-355,366,370,373-374,376-378,384,389,391-393,396-398,401-402,406,409,412,419,421,424,426,428-429,435,437-439,443-444,446,449-450,452-457,472-484,499-505]",[68],"[389,392-393]",HSF1_HUMAN___PPM1G_HUMAN_unrelaxed_rank_002_alphafold2_multimer_v3_model_1_seed_000.pdb
HSF1_HUMAN___PPM1G_HUMAN,3,4,A,B,0.0000,0.0,0.0,0.0000,0.2818,0.0000,0.0000,0.0,0.0,0.1900,31.9,62.1,47.2,0.390,0,0,0,0,,,,,,,529,546,,,,,HSF1_HUMAN___PPM1G_HUMAN_unrelaxed_rank_003_alphafold2_multimer_v3_model_4_seed_000.pdb
HSF1_HUMAN___PPM1G_HUMAN,4,2,A,B,0.0000,0.0,0.0,0.0000,0.3514,0.0000,0.0000,0.0,0.0,0.1900,33.4,62.8,48.3,0.400,0,0,0,0,,,,,,,529,546,,,,,HSF1_HUMAN___PPM1G_HUMAN_unrelaxed_rank_004_alphafold2_multimer_v3_model_2_seed_000.pdb
HSF1_HUMAN___PPM1G_HUMAN,5,5,A,B,0.0000,0.0,0.0,0.0000,0.2510,0.0000,0.0000,0.0,0.0,0.1800,34.2,62.3,48.5,0.400,0,0,0,0,,,,,,,529,546,,,,,HSF1_HUMAN___PPM1G_HUMAN_unrelaxed_rank_005_alphafold2_multimer_v3_model_5_seed_000.pdb
HSF1_HUMAN___ROA0_HUMAN,1,1,A,B,0.0000,0.0,0.0,0.0000,0.1586,0.0000,0.0000,0.0,0.0,0.1700,38.8,60.3,46.7,0.310,0,0,0,0,,,,,,,529,305,,,,,HSF1_HUMAN___ROA0_HUMAN_unrelaxed_rank_001_alphafold2_multimer_v3_model_1_seed_000.pdb
HSF1_HUMAN___ROA0_HUMAN,2,4,A,B,0.0000,0.0,0.0,0.0000,0.1761,0.0000,0.0000,0.0,0.0,0.1600,37.2,59.2,45.2,0.300,0,0,0,0,,,,,,,529,305,,,,,HSF1_HUMAN___ROA0_HUMAN_unrelaxed_rank_002_alphafold2_multimer_v3_model_4_seed_000.pdb
HSF1_HUMAN___ROA0_HUMAN,3,3,A,B,0.0000,0.0,0.0,0.0000,0.1487,0.0000,0.0000,0.0,0.0,0.1500,38.3,59.3,46.0,0.300,0,0,0,0,,,,,,,529,305,,,,,HSF1_HUMAN___ROA0_HUMAN_unrelaxed_rank_003_alphafold2_multimer_v3_model_3_seed_000.pdb
HSF1_HUMAN___ROA0_HUMAN,4,2,A,B,0.0000,0.0,0.0,0.0000,0.1162,0.0000,0.0000,0.0,0.0,0.1500,39.6,60.5,47.2,0.290,0,0,0,0,,,,,,,529,305,,,,,HSF1_HUMAN___ROA0_HUMAN_unrelaxed_rank_004_alphafold2_multimer_v3_model_2_seed_000.pdb
HSF1_HUMAN___ROA0_HUMAN,5,5,A,B,0.0000,0.0,0.0,0.0000,0.1146,0.0000,0.0000,0.0,0.0,0.1400,39.5,59.7,46.9,0.290,0,0,0,0,,,,,,,529,305,,,,,HSF1_HUMAN___ROA0_HUMAN_unrelaxed_rank_005_alphafold2_multimer_v3_model_5_seed_000.pdb
HSF1_HUMAN___SFPQ_HUMAN,1,3,A,B,0.0000,0.0,0.0,0.0000,0.2460,0.0000,0.0000,0.0,0.0,0.1500,35.2,50.0,43.7,0.330,0,0,0,0,,,,,,,529,707,,,,,HSF1_HUMAN___SFPQ_HUMAN_unrelaxed_rank_001_alphafold2_multimer_v3_model_3_seed_000.pdb
HSF1_HUMAN___SFPQ_HUMAN,2,5,A,B,0.0000,0.0,0.0,0.0000,0.2022,0.0000,0.0000,0.0,0.0,0.1500,35.8,49.5,43.6,0.330,0,0,0,0,,,,,,,529,707,,,,,HSF1_HUMAN___SFPQ_HUMAN_unrelaxed_rank_002_alphafold2_multimer_v3_model_5_seed_000.pdb
HSF1_HUMAN___SFPQ_HUMAN,3,1,A,B,0.0000,0.0,0.0,0.0000,0.1352,0.0000,0.0000,0.0,0.0,0.1500,36.3,49.4,43.8,0.320,0,0,0,0,,,,,,,529,707,,,,,HSF1_HUMAN___SFPQ_HUMAN_unrelaxed_rank_003_alphafold2_multimer_v3_model_1_seed_000.pdb
HSF1_HUMAN___SFPQ_HUMAN,4,2,A,B,0.0000,0.0,0.0,0.0000,0.1310,0.0000,0.0000,0.0,0.0,0.1500,37.1,49.1,44.0,0.320,0,0,0,0,,,,,,,529,707,,,,,HSF1_HUMAN___SFPQ_HUMAN_unrelaxed_rank_004_alphafold2_multimer_v3_model_2_seed_000.pdb
HSF1_HUMAN___SFPQ_HUMAN,5,4,A,B,0.0000,0.0,0.0,0.0000,0.1689,0.0000,0.0000,0.0,0.0,0.1400,34.8,48.9,42.9,0.310,0,0,0,0,,,,,,,529,707,,,,,HSF1_HUMAN___SFPQ_HUMAN_unrelaxed_rank_005_alphafold2_multimer_v3_model_4_seed_000.pdb
HSF1_HUMAN___BCLF1_HUMAN,1,2,A,B,0.1531,324.3,49.7,0.0154,0.7288,0.1308,0.1792,1267.0,83.0,0.2400,39.4,18.0,25.8,0.220,54,38,23,18,54.2,47.0,51.2,54.0,48.5,51.6,529,920,"[154,156-198,327-336]",[603-640],"[160-161,163-164,167-168,171-172,175,178,181-182,185-186,189,193,196-197,327-328,331-332,335]","[605,609,611-613,615-617,619-621,624,628,631-632,635-636,639]",HSF1_HUMAN___BCLF1_HUMAN_unrelaxed_rank_001_alphafold2_multimer_v3_model_2_seed_000.pdb
HSF1_HUMAN___BCLF1_HUMAN,2,4,A,B,0.2051,218.6,44.8,0.0165,0.7651,0.1656,0.2540,838.0,57.0,0.2300,39.5,18.4,26.1,0.210,34,31,15,14,54.1,47.1,50.8,54.1,46.9,50.6,529,920,"[166-198,418]","[602-624,626-633]","[168,171-172,175,178-179,181-182,185-186,189-190,193,196-197]","[602,605,608-609,612-613,616-617,620-621,624,628,631-632]",HSF1_HUMAN___BCLF1_HUMAN_unrelaxed_rank_002_alphafold2_multimer_v3_model_4_seed_000.pdb
HSF1_HUMAN___BCLF1_HUMAN,3,1,A,B,0.1318,134.2,17.7,0.0136,0.6454,0.0996,0.1743,487.0,37.0,0.2300,37.1,17.0,24.3,0.220,33,26,12,9,49.9,42.2,46.5,50.3,43.5,47.4,529,920,"[167-197,332-333]","[603-623,627-628,631-633]","[171,175,178,181-182,185-186,189-190,192-193,196]","[605,609,612-613,616-617,620-621,628]",HSF1_HUMAN___BCLF1_HUMAN_unrelaxed_rank_003_alphafold2_multimer_v3_model_1_seed_000.pdb
HSF1_HUMAN___BCLF1_HUMAN,4,3,A,B,0.0326,7.5,0.2,0.0000,0.4977,0.0254,0.0419,14.0,4.0,0.2100,37.1,17.6,24.7,0.220,5,6,2,3,48.1,42.8,45.2,46.7,43.1,44.5,529,920,"[186,189-190,194,395]","[609-610,612-614,616]","[189,395]","[609-610,612]",HSF1_HUMAN___BCLF1_HUMAN_unrelaxed_rank_004_alphafold2_multimer_v3_model_3_seed_000.pdb
HSF1_HUMAN___BCLF1_HUMAN,5,5,A,B,0.0571,31.4,1.8,0.0000,0.5686,0.0463,0.0704,58.0,17.0,0.2100,38.4,17.9,25.4,0.210,12,12,6,5,51.4,43.7,47.6,50.9,42.6,47.1,529,920,"[182-183,185-194]","[606-610,612-614,616-618,621]","[182,185-186,189-190,193]","[609,612-613,616,621]",HSF1_HUMAN___BCLF1_HUMAN_unrelaxed_rank_005_alphafold2_multimer_v3_model_5_seed_000.pdb
HSF1_HUMAN___CPSF6_HUMAN,1,4,A,B,0.6886,1232.3,848.6,0.6832,0.9885,0.5928,0.8000,18520.0,82.0,0.3000,38.7,40.9,39.8,0.290,115,105,15,15,85.3,85.1,85.2,92.5,87.0,89.8,529,551,[10-124],[73-177],"[17-18,21,58-65,67-68,71-72]","[88-94,114,116,121-123,125,127,150]",HSF1_HUMAN___CPSF6_HUMAN_unrelaxed_rank_001_alphafold2_multimer_v3_model_4_seed_000.pdb
HSF1_HUMAN___CPSF6_HUMAN,2,5,A,B,0.5284,1106.4,584.6,0.3564,0.9571,0.4083,0.6838,19430.0,63.0,0.2900,38.1,41.6,39.9,0.290,113,105,11,13,83.7,88.5,86.0,79.3,88.4,84.2,529,551,[11-123],[74-178],"[58,62-65,68,71-72,75,120,122]","[91-95,112-114,116,118-119,121,123]",HSF1_HUMAN___CPSF6_HUMAN_unrelaxed_rank_002_alphafold2_multimer_v3_model_5_seed_000.pdb
HSF1_HUMAN___CPSF6_HUMAN,3,1,A,B,0.0000,0.0,0.0,0.0000,0.3214,0.0000,0.0000,0.0,0.0,0.1900,35.0,39.1,37.1,0.240,0,0,0,0,,,,,,,529,551,,,,,HSF1_HUMAN___CPSF6_HUMAN_unrelaxed_rank_003_alphafold2_multimer_v3_model_1_seed_000.pdb
HSF1_HUMAN___CPSF6_HUMAN,4,2,A,B,0.0000,0.0,0.0,0.0000,0.3404,0.0000,0.0000,0.0,0.0,0.1500,37.4,43.5,40.5,0.220,0,0,0,0,,,,,,,529,551,,,,,HSF1_HUMAN___CPSF6_HUMAN_unrelaxed_rank_004_alphafold2_multimer_v3_model_2_seed_000.pdb
HSF1_HUMAN___CPSF6_HUMAN,5,3,A,B,0.0000,0.0,0.0,0.0000,0.2247,0.0000,0.0000,0.0,0.0,0.1500,34.9,38.5,36.7,0.230,0,0,0,0,,,,,,,529,551,,,,,HSF1_HUMAN___CPSF6_HUMAN_unrelaxed_rank_005_alphafold2_multimer_v3_model_3_seed_000.pdb
HSF1_HUMAN___HMGB1_HUMAN,1,5,A,B,0.0615,99.7,6.1,0.0131,0.4805,0.0512,0.0737,764.0,13.0,0.2800,39.5,68.8,48.0,0.280,87,13,10,4,89.1,38.5,82.5,82.0,39.4,69.8,529,215,"[15-39,41-81,97-117]",[192-204],"[16-18,61-63,65,68,71-72]","[195-196,199,203]",HSF1_HUMAN___HMGB1_HUMAN_unrelaxed_rank_001_alphafold2_multimer_v3_model_5_seed_000.pdb
HSF1_HUMAN___HMGB1_HUMAN,2,4,A,B,0.2251,197.6,44.5,0.0238,0.7278,0.1923,0.2635,930.0,42.0,0.2600,39.1,62.4,45.8,0.270,14,71,7,15,42.5,76.8,71.2,44.0,80.1,68.6,529,215,[325-338],[8-78],"[326-328,331-332,334-335]","[19,22-23,26-27,30,44,48,52,55-60]",HSF1_HUMAN___HMGB1_HUMAN_unrelaxed_rank_002_alphafold2_multimer_v3_model_4_seed_000.pdb
HSF1_HUMAN___HMGB1_HUMAN,3,1,A,B,0.0322,9.8,0.3,0.0000,0.3981,0.0275,0.0378,16.0,6.0,0.2000,40.0,68.7,48.3,0.260,2,14,2,5,44.6,82.9,78.1,44.6,79.6,69.6,529,215,[330-331],"[20,22-24,26-28,30,41-42,44-45,49,60]",[330-331],"[23,26-27,30,44]",HSF1_HUMAN___HMGB1_HUMAN_unrelaxed_rank_003_alphafold2_multimer_v3_model_1_seed_000.pdb
HSF1_HUMAN___HMGB1_HUMAN,4,3,A,B,0.0000,0.0,0.0,0.0000,0.2985,0.0000,0.0000,0.0,0.0,0.1700,38.2,62.0,45.1,0.260,0,0,0,0,,,,,,,529,215,,,,,HSF1_HUMAN___HMGB1_HUMAN_unrelaxed_rank_004_alphafold2_multimer_v3_model_3_seed_000.pdb
HSF1_HUMAN___HMGB1_HUMAN,5,2,A,B,0.0000,0.0,0.0,0.0000,0.2993,0.0000,0.0000,0.0,0.0,0.1500,40.3,67.1,48.0,0.240,0,0,0,0,,,,,,,529,215,,,,,HSF1_HUMAN___HMGB1_HUMAN_unrelaxed_rank_005_alphafold2_multimer_v3_model_2_seed_000.pdb
HSF1_HUMAN___HNRPC_HUMAN,1,5,A,B,0.1174,114.4,13.4,0.0169,0.5613,0.1179,0.1169,436.0,30.0,0.1700,39.9,44.0,41.4,0.240,88,8,14,5,90.1,39.1,85.8,85.7,41.9,74.2,529,306,"[15-81,97-117]",[265-272],"[16-18,21,57,61-64,68-69,71-72,75]",[266-270],HSF1_HUMAN___HNRPC_HUMAN_unrelaxed_rank_001_alphafold2_multimer_v3_model_5_seed_000.pdb
HSF1_HUMAN___HNRPC_HUMAN,2,1,A,B,0.0053,2.8,0.0,0.0000,0.3758,0.0096,0.0029,4.0,2.0,0.1600,37.9,42.9,39.7,0.240,1,4,1,2,56.7,57.9,57.7,56.7,54.9,55.5,529,306,[189],"[198,201,203,207]",[189],"[203,207]",HSF1_HUMAN___HNRPC_HUMAN_unrelaxed_rank_002_alphafold2_multimer_v3_model_1_seed_000.pdb
HSF1_HUMAN___HNRPC_HUMAN,3,2,A,B,0.0507,17.4,0.9,0.0000,0.4409,0.0416,0.0619,76.0,4.0,0.1600,40.3,46.1,42.4,0.240,26,13,1,2,69.8,62.9,67.5,67.8,60.6,63.0,529,306,"[168-169,171-194]","[200-201,203,205-212,214-215]",[185],"[207,210]",HSF1_HUMAN___HNRPC_HUMAN_unrelaxed_rank_003_alphafold2_multimer_v3_model_2_seed_000.pdb
HSF1_HUMAN___HNRPC_HUMAN,4,4,A,B,0.0000,0.0,0.0,0.0000,0.3012,0.0000,0.0000,0.0,0.0,0.1600,37.4,43.9,39.8,0.240,0,0,0,0,,,,,,,529,306,,,,,HSF1_HUMAN___HNRPC_HUMAN_unrelaxed_rank_004_alphafold2_multimer_v3_model_4_seed_000.pdb
HSF1_HUMAN___HNRPC_HUMAN,5,3,A,B,0.0000,0.0,0.0,0.0000,0.3194,0.0000,0.0000,0.0,0.0,0.1400,37.5,40.6,38.6,0.230,0,0,0,0,,,,,,,529,306,,,,,HSF1_HUMAN___HNRPC_HUMAN_unrelaxed_rank_005_alphafold2_multimer_v3_model_3_seed_000.pdb
HSF1_HUMAN___IF4A1_HUMAN,1,4,A,B,0.0000,0.0,0.0,0.0000,0.2082,0.0000,0.0000,0.0,0.0,0.2200,30.5,86.7,54.9,0.460,0,0,0,0,,,,,,,529,406,,,,,HSF1_HUMAN___IF4A1_HUMAN_unrelaxed_rank_001_alphafold2_multimer_v3_model_4_seed_000.pdb
HSF1_HUMAN___IF4A1_HUMAN,2,1,A,B,0.0000,0.0,0.0,0.0000,0.2702,0.0000,0.0000,0.0,0.0,0.2100,34.0,84.8,56.1,0.440,0,0,0,0,,,,,,,529,406,,,,,HSF1_HUMAN___IF4A1_HUMAN_unrelaxed_rank_002_alphafold2_multimer_v3_model_1_seed_000.pdb
HSF1_HUMAN___IF4A1_HUMAN,3,5,A,B,0.0000,0.0,0.0,0.0000,0.1501,0.0000,0.0000,0.0,0.0,0.1700,33.9,86.4,56.7,0.440,0,0,0,0,,,,,,,529,406,,,,,HSF1_HUMAN___IF4A1_HUMAN_unrelaxed_rank_003_alphafold2_multimer_v3_model_5_seed_000.pdb
HSF1_HUMAN___IF4A1_HUMAN,4,3,A,B,0.0000,0.0,0.0,0.0000,0.1430,0.0000,0.0000,0.0,0.0,0.1600,32.5,86.8,56.1,0.460,0,0,0,0,,,,,,,529,406,,,,,HSF1_HUMAN___IF4A1_HUMAN_unrelaxed_rank_004_alphafold2_multimer_v3_model_3_seed_000.pdb
HSF1_HUMAN___IF4A1_HUMAN,5,2,A,B,0.0000,0.0,0.0,0.0000,0.1835,0.0000,0.0000,0.0,0.0,0.1800,34.3,81.0,54.6,0.330,0,0,0,0,,,,,,,529,406,,,,,HSF1_HUMAN___IF4A1_HUMAN_unrelaxed_rank_005_alphafold2_multimer_v3_model_2_seed_000.pdb
HSF1_HUMAN___NUCL_HUMAN,1,1,A,B,0.0000,0.0,0.0,0.0000,0.1614,0.0000,0.0000,0.0,0.0,0.1700,34.8,45.8,41.1,0.240,0,0,0,0,,,,,,,529,710,,,,,HSF1_HUMAN___NUCL_HUMAN_unrelaxed_rank_001_alphafold2_multimer_v3_model_1_seed_000.pdb
HSF1_HUMAN___NUCL_HUMAN,2,4,A,B,0.0000,0.0,0.0,0.0000,0.2123,0.0000,0.0000,0.0,0.0,0.1600,33.7,47.3,41.5,0.260,0,0,0,0,,,,,,,529,710,,,,,HSF1_HUMAN___NUCL_HUMAN_unrelaxed_rank_002_alphafold2_multimer_v3_model_4_seed_000.pdb
HSF1_HUMAN___NUCL_HUMAN,3,2,A,B,0.0000,0.0,0.0,0.0000,0.1558,0.0000,0.0000,0.0,0.0,0.1600,37.2,46.6,42.6,0.230,0,0,0,0,,,,,,,529,710,,,,,HSF1_HUMAN___NUCL_HUMAN_unrelaxed_rank_003_alphafold2_multimer_v3_model_2_seed_000.pdb
HSF1_HUMAN___NUCL_HUMAN,4,5,A,B,0.0000,0.0,0.0,0.0000,0.1437,0.0000,0.0000,0.0,0.0,0.1600,37.7,46.7,42.9,0.230,0,0,0,0,,,,,,,529,710,,,,,HSF1_HUMAN___NUCL_HUMAN_unrelaxed_rank_004_alphafold2_multimer_v3_model_5_seed_000.pdb
HSF1_HUMAN___NUCL_HUMAN,5,3,A,B,0.0000,0.0,0.0,0.0000,0.1646,0.0000,0.0000,0.0,0.0,0.1600,36.5,45.0,41.4,0.230,0,0,0,0,,,,,,,529,710,,,,,HSF1_HUMAN___NUCL_HUMAN_unrelaxed_rank_005_alphafold2_multimer_v3_model_3_seed_000.pdb
HSF1_HUMAN___THOC2_HUMAN,1,4,A,B,0.0000,0.0,0.0,0.0000,0.4576,0.0000,0.0000,0.0,0.0,0.2700,30.2,69.3,59.6,0.560,0,0,0,0,,,,,,,529,1593,,,,,HSF1_HUMAN___THOC2_HUMAN_unrelaxed_rank_001_alphafold2_multimer_v3_model_4_seed_000.pdb
HSF1_HUMAN___THOC2_HUMAN,2,3,A,B,0.0000,0.0,0.0,0.0000,0.3778,0.0000,0.0000,0.0,0.0,0.2300,31.3,69.9,60.3,0.550,0,0,0,0,,,,,,,529,1593,,,,,HSF1_HUMAN___THOC2_HUMAN_unrelaxed_rank_002_alphafold2_multimer_v3_model_3_seed_000.pdb
HSF1_HUMAN___THOC2_HUMAN,3,5,A,B,0.0000,0.0,0.0,0.0000,0.4009,0.0000,0.0000,0.0,0.0,0.2300,30.2,70.2,60.2,0.560,0,0,0,0,,,,,,,529,1593,,,,,HSF1_HUMAN___THOC2_HUMAN_unrelaxed_rank_003_alphafold2_multimer_v3_model_5_seed_000.pdb
HSF1_HUMAN___THOC2_HUMAN,4,1,A,B,0.0000,0.0,0.0,0.0000,0.4514,0.0000,0.0000,0.0,0.0,0.2300,31.2,69.3,59.8,0.540,0,0,0,0,,,,,,,529,1593,,,,,HSF1_HUMAN___THOC2_HUMAN_unrelaxed_rank_004_alphafold2_multimer_v3_model_1_seed_000.pdb
HSF1_HUMAN___THOC2_HUMAN,5,2,A,B,0.0000,0.0,0.0,0.0000,0.2823,0.0000,0.0000,0.0,0.0,0.2200,29.9,70.3,60.2,0.550,0,0,0,0,,,,,,,529,1593,,,,,HSF1_HUMAN___THOC2_HUMAN_unrelaxed_rank_005_alphafold2_multimer_v3_model_2_seed_000.pdb
HSF1_HUMAN___ELAV1_HUMAN,1,4,A,B,0.1748,1078.0,188.4,0.1245,0.7072,0.1307,0.2337,18445.0,63.0,0.4000,36.5,69.4,49.0,0.360,109,166,21,14,79.5,84.2,82.3,63.3,69.4,65.7,529,326,[13-121],"[18-169,175,178-190]","[50,53-54,65-67,79-84,87-92,97,118,120]","[28-30,35,56-57,84-89,141-142]",HSF1_HUMAN___ELAV1_HUMAN_unrelaxed_rank_001_alphafold2_multimer_v3_model_4_seed_000.pdb
HSF1_HUMAN___ELAV1_HUMAN,2,1,A,B,0.1237,487.7,60.3,0.0341,0.5736,0.0904,0.1692,8496.0,28.0,0.3800,36.8,70.0,49.5,0.350,96,158,7,8,84.0,84.4,84.2,63.6,67.7,65.8,529,326,"[15-85,95-106,108-120]","[20-168,180-188]","[79-84,118]","[28-30,57,59,87-89]",HSF1_HUMAN___ELAV1_HUMAN_unrelaxed_rank_002_alphafold2_multimer_v3_model_1_seed_000.pdb
HSF1_HUMAN___ELAV1_HUMAN,3,2,A,B,0.0722,190.7,13.8,0.0158,0.4567,0.0625,0.0835,3307.0,11.0,0.3600,39.1,73.5,52.2,0.340,80,149,4,7,85.0,88.4,87.2,66.3,74.6,71.6,529,326,"[16,18-27,34-38,42-83,85,88-90,92,95,97-106,111-112,114-115,117-118]","[21-43,46-54,57-69,71,73-97,99,102-115,117-144,146-169,179-188,190]","[79-80,82,88]","[28-30,85,87-89]",HSF1_HUMAN___ELAV1_HUMAN_unrelaxed_rank_003_alphafold2_multimer_v3_model_2_seed_000.pdb
HSF1_HUMAN___ELAV1_HUMAN,4,5,A,B,0.0386,37.8,1.5,0.0115,0.5217,0.0396,0.0376,204.0,7.0,0.3100,38.1,72.1,51.1,0.340,22,49,3,6,83.5,87.9,86.5,66.7,77.8,74.1,529,326,"[54,67-83,99-100,102,141]","[23-41,51-54,60,62-64,66-67,76-80,84-93,110,120,122,137,151]","[79,82,141]","[28-30,39,87-88]",HSF1_HUMAN___ELAV1_HUMAN_unrelaxed_rank_004_alphafold2_multimer_v3_model_5_seed_000.pdb
HSF1_HUMAN___ELAV1_HUMAN,5,3,A,B,0.0000,0.0,0.0,0.0000,0.1747,0.0000,0.0000,0.0,0.0,0.1700,35.9,68.2,48.2,0.290,0,0,0,0,,,,,,,529,326,,,,,HSF1_HUMAN___ELAV1_HUMAN_unrelaxed_rank_005_alphafold2_multimer_v3_model_3_seed_000.pdb
HSF1_HUMAN___FUBP2_HUMAN,1,5,A,B,0.0000,0.0,0.0,0.0000,0.4053,0.0000,0.0000,0.0,0.0,0.2100,37.0,44.1,41.1,0.250,0,0,0,0,,,,,,,529,711,,,,,HSF1_HUMAN___FUBP2_HUMAN_unrelaxed_rank_001_alphafold2_multimer_v3_model_5_seed_000.pdb
HSF1_HUMAN___FUBP2_HUMAN,2,1,A,B,0.0000,0.0,0.0,0.0000,0.2178,0.0000,0.0000,0.0,0.0,0.1700,34.5,41.3,38.4,0.230,0,0,0,0,,,,,,,529,711,,,,,HSF1_HUMAN___FUBP2_HUMAN_unrelaxed_rank_002_alphafold2_multimer_v3_model_1_seed_000.pdb
HSF1_HUMAN___FUBP2_HUMAN,3,3,A,B,0.0000,0.0,0.0,0.0000,0.2206,0.0000,0.0000,0.0,0.0,0.1600,35.5,41.0,38.7,0.230,0,0,0,0,,,,,,,529,711,,,,,HSF1_HUMAN___FUBP2_HUMAN_unrelaxed_rank_003_alphafold2_multimer_v3_model_3_seed_000.pdb
HSF1_HUMAN___FUBP2_HUMAN,4,2,A,B,0.0000,0.0,0.0,0.0000,0.1757,0.0000,0.0000,0.0,0.0,0.1600,37.3,44.4,41.4,0.230,0,0,0,0,,,,,,,529,711,,,,,HSF1_HUMAN___FUBP2_HUMAN_unrelaxed_rank_004_alphafold2_multimer_v3_model_2_seed_000.pdb
HSF1_HUMAN___FUBP2_HUMAN,5,4,A,B,0.0000,0.0,0.0,0.0000,0.1841,0.0000,0.0000,0.0,0.0,0.1500,35.3,41.6,38.9,0.220,0,0,0,0,,,,,,,529,711,,,,,HSF1_HUMAN___FUBP2_HUMAN_unrelaxed_rank_005_alphafold2_multimer_v3_model_4_seed_000.pdb
HSF1_HUMAN___IF4A3_HUMAN,1,3,A,B,0.0000,0.0,0.0,0.0000,0.2176,0.0000,0.0000,0.0,0.0,0.2500,33.1,86.7,56.5,0.480,0,0,0,0,,,,,,,529,411,,,,,HSF1_HUMAN___IF4A3_HUMAN_unrelaxed_rank_001_alphafold2_multimer_v3_model_3_seed_000.pdb
HSF1_HUMAN___IF4A3_HUMAN,2,4,A,B,0.0000,0.0,0.0,0.0000,0.2925,0.0000,0.0000,0.0,0.0,0.2200,31.9,86.1,55.6,0.470,0,0,0,0,,,,,,,529,411,,,,,HSF1_HUMAN___IF4A3_HUMAN_unrelaxed_rank_002_alphafold2_multimer_v3_model_4_seed_000.pdb
HSF1_HUMAN___IF4A3_HUMAN,3,2,A,B,0.0000,0.0,0.0,0.0000,0.2082,0.0000,0.0000,0.0,0.0,0.2000,34.2,81.3,54.8,0.340,0,0,0,0,,,,,,,529,411,,,,,HSF1_HUMAN___IF4A3_HUMAN_unrelaxed_rank_003_alphafold2_multimer_v3_model_2_seed_000.pdb
HSF1_HUMAN___IF4A3_HUMAN,4,5,A,B,0.0000,0.0,0.0,0.0000,0.1412,0.0000,0.0000,0.0,0.0,0.1700,33.7,85.6,56.4,0.440,0,0,0,0,,,,,,,529,411,,,,,HSF1_HUMAN___IF4A3_HUMAN_unrelaxed_rank_004_alphafold2_multimer_v3_model_5_seed_000.pdb
HSF1_HUMAN___IF4A3_HUMAN,5,1,A,B,0.0000,0.0,0.0,0.0000,0.1874,0.0000,0.0000,0.0,0.0,0.1800,34.6,80.0,54.5,0.340,0,0,0,0,,,,,,,529,411,,,,,HSF1_HUMAN___IF4A3_HUMAN_unrelaxed_rank_005_alphafold2_multimer_v3_model_1_seed_000.pdb
HSF1_HUMAN___PTBP1_HUMAN,1,3,A,B,0.3570,404.6,144.4,0.2368,0.9223,0.2325,0.5481,2923.0,56.0,0.2900,36.4,68.5,52.9,0.290,71,106,8,14,81.9,87.6,85.3,62.1,83.6,75.8,529,557,"[18-26,31-38,42-55,66-105]",[179-284],"[82,84-90]","[192-193,199,202-203,241,244-250,253]",HSF1_HUMAN___PTBP1_HUMAN_unrelaxed_rank_001_alphafold2_multimer_v3_model_3_seed_000.pdb
HSF1_HUMAN___PTBP1_HUMAN,2,2,A,B,0.3338,492.3,164.3,0.2360,0.9290,0.2036,0.5472,4039.0,60.0,0.2700,37.6,69.8,54.1,0.280,94,104,10,14,86.2,90.1,88.2,65.7,86.7,78.0,529,557,"[17-28,30-61,65-106,108-115]",[179-282],"[82,84-91,93]","[192-193,199,202-203,241,244-250,253]",HSF1_HUMAN___PTBP1_HUMAN_unrelaxed_rank_002_alphafold2_multimer_v3_model_2_seed_000.pdb
HSF1_HUMAN___PTBP1_HUMAN,3,5,A,B,0.3654,366.2,133.8,0.2372,0.9294,0.2524,0.5291,2483.0,54.0,0.2600,36.8,69.2,53.4,0.280,58,104,8,13,82.6,89.8,87.2,63.5,86.2,77.6,529,557,"[21,33-35,37-38,43-54,66-102,104-106]",[180-283],"[82,84-90]","[192-193,199,202-203,241,244-248,250,253]",HSF1_HUMAN___PTBP1_HUMAN_unrelaxed_rank_003_alphafold2_multimer_v3_model_5_seed_000.pdb
HSF1_HUMAN___PTBP1_HUMAN,4,4,A,B,0.2830,255.8,72.4,0.0827,0.8710,0.2097,0.3820,1309.0,50.0,0.2600,35.8,68.0,52.3,0.280,17,100,8,14,61.7,88.2,84.3,57.9,82.8,73.7,529,557,[81-97],[181-280],"[82,84-90]","[192-193,199,202-203,241,244-250,253]",HSF1_HUMAN___PTBP1_HUMAN_unrelaxed_rank_004_alphafold2_multimer_v3_model_4_seed_000.pdb
HSF1_HUMAN___PTBP1_HUMAN,5,1,A,B,0.0000,0.0,0.0,0.0000,0.1947,0.0000,0.0000,0.0,0.0,0.1500,34.7,65.7,50.6,0.290,0,0,0,0,,,,,,,529,557,,,,,HSF1_HUMAN___PTBP1_HUMAN_unrelaxed_rank_005_alphafold2_multimer_v3_model_1_seed_000.pdb
HSF1_HUMAN___RAN_HUMAN,1,3,A,B,0.0247,10.7,0.3,0.0000,0.3942,0.0284,0.0215,23.0,5.0,0.3400,37.4,82.7,50.5,0.390,12,11,4,2,76.1,83.2,79.5,77.3,52.1,68.9,529,216,"[66-67,69-71,73-75,78-79,97,99]","[24-25,54,56,58-59,105,165,167,180-181]","[71,78-79,99]",[180-181],HSF1_HUMAN___RAN_HUMAN_unrelaxed_rank_001_alphafold2_multimer_v3_model_3_seed_000.pdb
HSF1_HUMAN___RAN_HUMAN,2,1,A,B,0.0000,0.0,0.0,0.0000,0.1715,0.0000,0.0000,0.0,0.0,0.2400,37.9,81.3,50.5,0.350,0,0,0,0,,,,,,,529,216,,,,,HSF1_HUMAN___RAN_HUMAN_unrelaxed_rank_002_alphafold2_multimer_v3_model_1_seed_000.pdb
HSF1_HUMAN___RAN_HUMAN,3,4,A,B,0.0000,0.0,0.0,0.0000,0.2166,0.0000,0.0000,0.0,0.0,0.2300,34.2,78.6,47.1,0.340,0,0,0,0,,,,,,,529,216,,,,,HSF1_HUMAN___RAN_HUMAN_unrelaxed_rank_003_alphafold2_multimer_v3_model_4_seed_000.pdb
HSF1_HUMAN___RAN_HUMAN,4,2,A,B,0.0000,0.0,0.0,0.0000,0.1816,0.0000,0.0000,0.0,0.0,0.2000,38.0,81.1,50.5,0.340,0,0,0,0,,,,,,,529,216,,,,,HSF1_HUMAN___RAN_HUMAN_unrelaxed_rank_004_alphafold2_multimer_v3_model_2_seed_000.pdb
HSF1_HUMAN___RAN_HUMAN,5,5,A,B,0.0000,0.0,0.0,0.0000,0.1419,0.0000,0.0000,0.0,0.0,0.1900,37.8,82.1,50.6,0.340,0,0,0,0,,,,,,,529,216,,,,,HSF1_HUMAN___RAN_HUMAN_unrelaxed_rank_005_alphafold2_multimer_v3_model_5_seed_000.pdb
HSF1_HUMAN___RBM12_HUMAN,1,3,A,B,0.0000,0.0,0.0,0.0000,0.4184,0.0000,0.0000,0.0,0.0,0.1900,32.4,46.7,41.5,0.240,0,0,0,0,,,,,,,529,932,,,,,HSF1_HUMAN___RBM12_HUMAN_unrelaxed_rank_001_alphafold2_multimer_v3_model_3_seed_000.pdb
HSF1_HUMAN___RBM12_HUMAN,2,4,A,B,0.0000,0.0,0.0,0.0000,0.2833,0.0000,0.0000,0.0,0.0,0.1800,32.0,45.8,40.8,0.220,0,0,0,0,,,,,,,529,932,,,,,HSF1_HUMAN___RBM12_HUMAN_unrelaxed_rank_002_alphafold2_multimer_v3_model_4_seed_000.pdb
HSF1_HUMAN___RBM12_HUMAN,3,1,A,B,0.0000,0.0,0.0,0.0000,0.2709,0.0000,0.0000,0.0,0.0,0.1800,30.9,44.9,39.8,0.230,0,0,0,0,,,,,,,529,932,,,,,HSF1_HUMAN___RBM12_HUMAN_unrelaxed_rank_003_alphafold2_multimer_v3_model_1_seed_000.pdb
HSF1_HUMAN___RBM12_HUMAN,4,2,A,B,0.0000,0.0,0.0,0.0000,0.2268,0.0000,0.0000,0.0,0.0,0.1700,35.6,49.8,44.7,0.220,0,0,0,0,,,,,,,529,932,,,,,HSF1_HUMAN___RBM12_HUMAN_unrelaxed_rank_004_alphafold2_multimer_v3_model_2_seed_000.pdb
HSF1_HUMAN___RBM12_HUMAN,5,5,A,B,0.0000,0.0,0.0,0.0000,0.2006,0.0000,0.0000,0.0,0.0,0.1700,34.1,49.0,43.6,0.220,0,0,0,0,,,,,,,529,932,,,,,HSF1_HUMAN___RBM12_HUMAN_unrelaxed_rank_005_alphafold2_multimer_v3_model_5_seed_000.pdb
HSF1_HUMAN___U520_HUMAN,1,1,A,B,0.0000,0.0,0.0,0.0000,0.3853,0.0000,0.0000,0.0,0.0,0.2800,28.8,81.9,71.4,0.660,0,0,0,0,,,,,,,529,2136,,,,,HSF1_HUMAN___U520_HUMAN_unrelaxed_rank_001_alphafold2_multimer_v3_model_1_seed_000.pdb
HSF1_HUMAN___U520_HUMAN,2,5,A,B,0.0000,0.0,0.0,0.0000,0.4219,0.0000,0.0000,0.0,0.0,0.2700,27.0,82.6,71.6,0.680,0,0,0,0,,,,,,,529,2136,,,,,HSF1_HUMAN___U520_HUMAN_unrelaxed_rank_002_alphafold2_multimer_v3_model_5_seed_000.pdb
HSF1_HUMAN___U520_HUMAN,3,4,A,B,0.0000,0.0,0.0,0.0000,0.3537,0.0000,0.0000,0.0,0.0,0.2600,27.4,81.9,71.1,0.680,0,0,0,0,,,,,,,529,2136,,,,,HSF1_HUMAN___U520_HUMAN_unrelaxed_rank_003_alphafold2_multimer_v3_model_4_seed_000.pdb
HSF1_HUMAN___U520_HUMAN,4,3,A,B,0.0000,0.0,0.0,0.0000,0.3474,0.0000,0.0000,0.0,0.0,0.2600,27.5,82.2,71.3,0.660,0,0,0,0,,,,,,,529,2136,,,,,HSF1_HUMAN___U520_HUMAN_unrelaxed_rank_004_alphafold2_multimer_v3_model_3_seed_000.pdb
HSF1_HUMAN___U520_HUMAN,5,2,A,B,0.0000,0.0,0.0,0.0000,0.2600,0.0000,0.0000,0.0,0.0,0.2300,27.2,82.2,71.3,0.660,0,0,0,0,,,,,,,529,2136,,,,,HSF1_HUMAN___U520_HUMAN_unrelaxed_rank_005_alphafold2_multimer_v3_model_2_seed_000.pdb
HSF1_HUMAN___CNN3_HUMAN,1,1,A,B,0.0000,0.0,0.0,0.0000,0.1346,0.0000,0.0000,0.0,0.0,0.1300,37.8,47.4,41.5,0.250,0,0,0,0,,,,,,,529,329,,,,,HSF1_HUMAN___CNN3_HUMAN_unrelaxed_rank_001_alphafold2_multimer_v3_model_1_seed_000.pdb
HSF1_HUMAN___CNN3_HUMAN,2,3,A,B,0.0000,0.0,0.0,0.0000,0.1626,0.0000,0.0000,0.0,0.0,0.1300,38.0,45.9,41.0,0.250,0,0,0,0,,,,,,,529,329,,,,,HSF1_HUMAN___CNN3_HUMAN_unrelaxed_rank_002_alphafold2_multimer_v3_model_3_seed_000.pdb
HSF1_HUMAN___CNN3_HUMAN,3,5,A,B,0.0000,0.0,0.0,0.0000,0.1112,0.0000,0.0000,0.0,0.0,0.1300,39.7,48.4,43.0,0.260,0,0,0,0,,,,,,,529,329,,,,,HSF1_HUMAN___CNN3_HUMAN_unrelaxed_rank_003_alphafold2_multimer_v3_model_5_seed_000.pdb
HSF1_HUMAN___CNN3_HUMAN,4,2,A,B,0.0000,0.0,0.0,0.0000,0.1138,0.0000,0.0000,0.0,0.0,0.1200,40.3,50.0,44.0,0.250,0,0,0,0,,,,,,,529,329,,,,,HSF1_HUMAN___CNN3_HUMAN_unrelaxed_rank_004_alphafold2_multimer_v3_model_2_seed_000.pdb
HSF1_HUMAN___CNN3_HUMAN,5,4,A,B,0.0000,0.0,0.0,0.0000,0.1212,0.0000,0.0000,0.0,0.0,0.1100,37.9,47.2,41.5,0.250,0,0,0,0,,,,,,,529,329,,,,,HSF1_HUMAN___CNN3_HUMAN_unrelaxed_rank_005_alphafold2_multimer_v3_model_4_seed_000.pdb
HSF1_HUMAN___G6PI_HUMAN,1,1,A,B,0.0000,0.0,0.0,0.0000,0.1488,0.0000,0.0000,0.0,0.0,0.1500,34.5,96.4,66.3,0.560,0,0,0,0,,,,,,,529,558,,,,,HSF1_HUMAN___G6PI_HUMAN_unrelaxed_rank_001_alphafold2_multimer_v3_model_1_seed_000.pdb
HSF1_HUMAN___G6PI_HUMAN,2,3,A,B,0.0000,0.0,0.0,0.0000,0.2097,0.0000,0.0000,0.0,0.0,0.1500,32.2,96.2,65.1,0.560,0,0,0,0,,,,,,,529,558,,,,,HSF1_HUMAN___G6PI_HUMAN_unrelaxed_rank_002_alphafold2_multimer_v3_model_3_seed_000.pdb
HSF1_HUMAN___G6PI_HUMAN,3,4,A,B,0.0000,0.0,0.0,0.0000,0.1324,0.0000,0.0000,0.0,0.0,0.1500,31.6,96.3,64.8,0.550,0,0,0,0,,,,,,,529,558,,,,,HSF1_HUMAN___G6PI_HUMAN_unrelaxed_rank_003_alphafold2_multimer_v3_model_4_seed_000.pdb
HSF1_HUMAN___G6PI_HUMAN,4,5,A,B,0.0000,0.0,0.0,0.0000,0.1171,0.0000,0.0000,0.0,0.0,0.1300,33.2,96.2,65.5,0.560,0,0,0,0,,,,,,,529,558,,,,,HSF1_HUMAN___G6PI_HUMAN_unrelaxed_rank_004_alphafold2_multimer_v3_model_5_seed_000.pdb
HSF1_HUMAN___G6PI_HUMAN,5,2,A,B,0.0000,0.0,0.0,0.0000,0.1156,0.0000,0.0000,0.0,0.0,0.1300,33.4,96.7,65.9,0.550,0,0,0,0,,,,,,,529,558,,,,,HSF1_HUMAN___G6PI_HUMAN_unrelaxed_rank_005_alphafold2_multimer_v3_model_2_seed_000.pdb
HSF1_HUMAN___H4_HUMAN,1,4,A,B,0.0954,22.2,2.1,0.0115,0.4678,0.0616,0.1476,99.0,5.0,0.2700,41.7,34.8,40.6,0.240,30,12,3,2,53.7,45.3,51.3,52.7,43.5,49.0,529,103,"[177,179-194,387-398,400]","[55,58-68]","[182,185-186]","[55,59]",HSF1_HUMAN___H4_HUMAN_unrelaxed_rank_001_alphafold2_multimer_v3_model_4_seed_000.pdb
HSF1_HUMAN___H4_HUMAN,2,3,A,B,0.0000,0.0,0.0,0.0000,0.2879,0.0000,0.0000,0.0,0.0,0.2300,39.4,37.9,39.2,0.240,0,0,0,0,,,,,,,529,103,,,,,HSF1_HUMAN___H4_HUMAN_unrelaxed_rank_002_alphafold2_multimer_v3_model_3_seed_000.pdb
HSF1_HUMAN___H4_HUMAN,3,2,A,B,0.0000,0.0,0.0,0.0000,0.2253,0.0000,0.0000,0.0,0.0,0.2100,40.9,40.9,40.9,0.240,0,0,0,0,,,,,,,529,103,,,,,HSF1_HUMAN___H4_HUMAN_unrelaxed_rank_003_alphafold2_multimer_v3_model_2_seed_000.pdb
HSF1_HUMAN___H4_HUMAN,4,5,A,B,0.0000,0.0,0.0,0.0000,0.1675,0.0000,0.0000,0.0,0.0,0.1900,39.2,45.8,40.3,0.250,0,0,0,0,,,,,,,529,103,,,,,HSF1_HUMAN___H4_HUMAN_unrelaxed_rank_004_alphafold2_multimer_v3_model_5_seed_000.pdb
HSF1_HUMAN___H4_HUMAN,5,1,A,B,0.0000,0.0,0.0,0.0000,0.1009,0.0000,0.0000,0.0,0.0,0.1700,42.6,54.4,44.5,0.250,0,0,0,0,,,,,,,529,103,,,,,HSF1_HUMAN___H4_HUMAN_unrelaxed_rank_005_alphafold2_multimer_v3_model_1_seed_000.pdb
HSF1_HUMAN___HNRPF_HUMAN,1,1,A,B,0.0000,0.0,0.0,0.0000,0.1480,0.0000,0.0000,0.0,0.0,0.1700,36.8,55.7,45.1,0.240,0,0,0,0,,,,,,,529,415,,,,,HSF1_HUMAN___HNRPF_HUMAN_unrelaxed_rank_001_alphafold2_multimer_v3_model_1_seed_000.pdb
HSF1_HUMAN___HNRPF_HUMAN,2,5,A,B,0.0000,0.0,0.0,0.0000,0.1462,0.0000,0.0000,0.0,0.0,0.1600,38.1,59.2,47.4,0.240,0,0,0,0,,,,,,,529,415,,,,,HSF1_HUMAN___HNRPF_HUMAN_unrelaxed_rank_002_alphafold2_multimer_v3_model_5_seed_000.pdb
HSF1_HUMAN___HNRPF_HUMAN,3,4,A,B,0.0000,0.0,0.0,0.0000,0.1524,0.0000,0.0000,0.0,0.0,0.1500,35.1,57.7,45.0,0.230,0,0,0,0,,,,,,,529,415,,,,,HSF1_HUMAN___HNRPF_HUMAN_unrelaxed_rank_003_alphafold2_multimer_v3_model_4_seed_000.pdb
HSF1_HUMAN___HNRPF_HUMAN,4,3,A,B,0.0000,0.0,0.0,0.0000,0.1532,0.0000,0.0000,0.0,0.0,0.1400,36.5,58.5,46.2,0.230,0,0,0,0,,,,,,,529,415,,,,,HSF1_HUMAN___HNRPF_HUMAN_unrelaxed_rank_004_alphafold2_multimer_v3_model_3_seed_000.pdb
HSF1_HUMAN___HNRPF_HUMAN,5,2,A,B,0.0000,0.0,0.0,0.0000,0.1465,0.0000,0.0000,0.0,0.0,0.1400,38.1,60.7,48.0,0.230,0,0,0,0,,,,,,,529,415,,,,,HSF1_HUMAN___HNRPF_HUMAN_unrelaxed_rank_005_alphafold2_multimer_v3_model_2_seed_000.pdb
HSF1_HUMAN___HS90B_HUMAN,1,4,A,B,0.0595,188.4,11.2,0.0129,0.5377,0.0513,0.0691,910.0,39.0,0.3600,33.0,77.3,58.6,0.520,33,213,13,14,50.2,87.2,82.2,48.8,58.8,54.0,529,724,"[167-196,396,400,403]","[20-21,23-32,39-41,43-45,47-55,57-58,73-76,84-87,89,91,94,133,135-137,139-147,149,155-158,166-168,179-184,186,192,198-199,201-204,207-208,288-289,291,293-294,296-309,315-322,327-337,354-360,370-378,380-392,394-420,426-441,447-452,455-458,466-469,471-473,483-485,510-513,533,536]","[168,172,175-176,179,182,186,189-190,192-194,196]","[21,23-25,27-28,327,387,390-391,394,398,400,403]",HSF1_HUMAN___HS90B_HUMAN_unrelaxed_rank_001_alphafold2_multimer_v3_model_4_seed_000.pdb
HSF1_HUMAN___HS90B_HUMAN,2,3,A,B,0.0000,0.0,0.0,0.0000,0.4438,0.0361,0.0000,89.0,0.0,0.3200,33.0,80.9,60.7,0.510,9,54,0,0,58.4,92.1,87.3,,,,529,724,[169-177],"[289,291,296,300-306,316-318,321,328-330,333-335,337,354-357,361,364,372-374,376,378,380-381,386,391,405-407,409,412-413,415-416,419-420,427,429,436,438,448,451-452,456]",,,HSF1_HUMAN___HS90B_HUMAN_unrelaxed_rank_002_alphafold2_multimer_v3_model_3_seed_000.pdb
HSF1_HUMAN___HS90B_HUMAN,3,1,A,B,0.0000,0.0,0.0,0.0000,0.2087,0.0000,0.0000,0.0,0.0,0.1800,31.1,79.9,59.3,0.500,0,0,0,0,,,,,,,529,724,,,,,HSF1_HUMAN___HS90B_HUMAN_unrelaxed_rank_003_alphafold2_multimer_v3_model_1_seed_000.pdb
HSF1_HUMAN___HS90B_HUMAN,4,2,A,B,0.0000,0.0,0.0,0.0000,0.2160,0.0000,0.0000,0.0,0.0,0.1800,31.3,78.9,58.8,0.500,0,0,0,0,,,,,,,529,724,,,,,HSF1_HUMAN___HS90B_HUMAN_unrelaxed_rank_004_alphafold2_multimer_v3_model_2_seed_000.pdb
HSF1_HUMAN___HS90B_HUMAN,5,5,A,B,0.0000,0.0,0.0,0.0000,0.2062,0.0000,0.0000,0.0,0.0,0.1800,31.4,79.7,59.3,0.460,0,0,0,0,,,,,,,529,724,,,,,HSF1_HUMAN___HS90B_HUMAN_unrelaxed_rank_005_alphafold2_multimer_v3_model_5_seed_000.pdb
HSF1_HUMAN___SAFB2_HUMAN,1,2,A,B,0.5552,1334.1,740.6,0.4210,0.9896,0.4561,0.6757,9943.0,179.0,0.3100,43.2,33.9,37.2,0.270,82,121,41,43,73.8,81.2,78.2,75.3,85.1,80.3,529,953,"[126-201,264-269]","[414-421,433-441,443,453-454,628-728]","[126,129-130,133-134,136-137,140-141,143-144,147-148,150-151,154-155,157-158,161-162,164-165,168-169,171-172,175-176,178-179,182-183,186,189,193,265-269]","[419-421,435-438,440,652,655-656,659-660,662-663,666-667,669-670,673-674,676-677,680-681,683-684,687-688,690-691,694-695,697-698,701-702,704-705,708-709,712,719]",HSF1_HUMAN___SAFB2_HUMAN_unrelaxed_rank_001_alphafold2_multimer_v3_model_2_seed_000.pdb
HSF1_HUMAN___SAFB2_HUMAN,2,3,A,B,0.5177,1610.3,833.6,0.3740,0.9843,0.4212,0.6363,10849.0,239.0,0.3100,42.4,33.7,36.8,0.260,89,184,45,49,72.8,80.3,77.9,76.2,85.2,80.9,529,953,"[129-201,259-274]","[404-485,628-729]","[129-130,133-134,136-137,140-141,143-144,147-148,150-151,154-155,157-158,161-162,164-165,168-169,171-172,175-176,178-179,182-183,186,189,261-270,272]","[419-421,423-424,433-443,655-656,659-660,662-663,666-667,669-670,673-674,676-677,680-681,683-684,687-688,690-691,694-695,697-698,701-702,704-705,708-709,712]",HSF1_HUMAN___SAFB2_HUMAN_unrelaxed_rank_002_alphafold2_multimer_v3_model_3_seed_000.pdb
HSF1_HUMAN___SAFB2_HUMAN,3,4,A,B,0.0597,30.9,1.8,0.0117,0.5561,0.0454,0.0787,106.0,9.0,0.2000,38.1,31.6,33.9,0.210,17,26,5,4,62.0,69.2,66.4,59.9,68.3,63.6,529,953,"[161-163,165-177,179]","[655-657,659,661-675,677-678,680-684]","[168,171-172,175,179]","[666,670,673,677]",HSF1_HUMAN___SAFB2_HUMAN_unrelaxed_rank_003_alphafold2_multimer_v3_model_4_seed_000.pdb
HSF1_HUMAN___SAFB2_HUMAN,4,1,A,B,0.0961,29.4,2.8,0.0125,0.5812,0.0920,0.1003,48.0,18.0,0.1900,38.2,32.9,34.8,0.220,6,16,6,8,50.1,81.2,72.7,50.1,83.7,69.3,529,953,[264-269],"[419,421-422,434-441,443,449,451-453]",[264-269],"[419,421,435-440]",HSF1_HUMAN___SAFB2_HUMAN_unrelaxed_rank_004_alphafold2_multimer_v3_model_1_seed_000.pdb
HSF1_HUMAN___SAFB2_HUMAN,5,5,A,B,0.0000,0.0,0.0,0.0000,0.2591,0.0000,0.0000,0.0,0.0,0.1600,37.4,33.7,35.0,0.210,0,0,0,0,,,,,,,529,953,,,,,HSF1_HUMAN___SAFB2_HUMAN_unrelaxed_rank_005_alphafold2_multimer_v3_model_5_seed_000.pdb
HSF1_HUMAN___SRSF2_HUMAN,1,4,A,B,0.0000,0.0,0.0,0.0000,0.2325,0.0000,0.0000,0.0,0.0,0.2100,40.5,44.1,41.6,0.250,0,0,0,0,,,,,,,529,221,,,,,HSF1_HUMAN___SRSF2_HUMAN_unrelaxed_rank_001_alphafold2_multimer_v3_model_4_seed_000.pdb
HSF1_HUMAN___SRSF2_HUMAN,2,1,A,B,0.0000,0.0,0.0,0.0000,0.1503,0.0000,0.0000,0.0,0.0,0.1600,41.8,44.4,42.6,0.240,0,0,0,0,,,,,,,529,221,,,,,HSF1_HUMAN___SRSF2_HUMAN_unrelaxed_rank_002_alphafold2_multimer_v3_model_1_seed_000.pdb
HSF1_HUMAN___SRSF2_HUMAN,3,3,A,B,0.0000,0.0,0.0,0.0000,0.1642,0.0000,0.0000,0.0,0.0,0.1400,40.1,44.4,41.4,0.240,0,0,0,0,,,,,,,529,221,,,,,HSF1_HUMAN___SRSF2_HUMAN_unrelaxed_rank_003_alphafold2_multimer_v3_model_3_seed_000.pdb
HSF1_HUMAN___SRSF2_HUMAN,4,2,A,B,0.0000,0.0,0.0,0.0000,0.0981,0.0000,0.0000,0.0,0.0,0.1400,41.7,46.4,43.1,0.240,0,0,0,0,,,,,,,529,221,,,,,HSF1_HUMAN___SRSF2_HUMAN_unrelaxed_rank_004_alphafold2_multimer_v3_model_2_seed_000.pdb
HSF1_HUMAN___SRSF2_HUMAN,5,5,A,B,0.0000,0.0,0.0,0.0000,0.1298,0.0000,0.0000,0.0,0.0,0.1300,41.7,46.8,43.2,0.240,0,0,0,0,,,,,,,529,221,,,,,HSF1_HUMAN___SRSF2_HUMAN_unrelaxed_rank_005_alphafold2_multimer_v3_model_5_seed_000.pdb
HSF1_HUMAN___DDX17_HUMAN,1,3,A,B,0.0718,89.9,6.5,0.0144,0.5968,0.0686,0.0751,449.0,18.0,0.2800,33.7,62.0,50.1,0.430,7,147,4,9,33.9,91.8,89.2,35.7,94.2,76.2,529,729,[209-215],"[160,336,352,376,389-414,416-418,420-441,443-450,452,454,456-465,469-480,482,484,486-498,500-511,513-540,542-544,547-548]",[210-213],"[393-395,405,409,412,517,519,521]",HSF1_HUMAN___DDX17_HUMAN_unrelaxed_rank_001_alphafold2_multimer_v3_model_3_seed_000.pdb
HSF1_HUMAN___DDX17_HUMAN,2,1,A,B,0.0000,0.0,0.0,0.0000,0.4719,0.0171,0.0000,6.0,0.0,0.2400,33.5,60.3,49.0,0.370,2,5,0,0,34.9,91.8,75.5,,,,529,729,[211-212],"[390,392,396,405,520]",,,HSF1_HUMAN___DDX17_HUMAN_unrelaxed_rank_002_alphafold2_multimer_v3_model_1_seed_000.pdb
HSF1_HUMAN___DDX17_HUMAN,3,4,A,B,0.0000,0.0,0.0,0.0000,0.3473,0.0000,0.0000,0.0,0.0,0.2000,31.0,61.9,48.9,0.420,0,0,0,0,,,,,,,529,729,,,,,HSF1_HUMAN___DDX17_HUMAN_unrelaxed_rank_003_alphafold2_multimer_v3_model_4_seed_000.pdb
HSF1_HUMAN___DDX17_HUMAN,4,5,A,B,0.0000,0.0,0.0,0.0000,0.3084,0.0000,0.0000,0.0,0.0,0.2000,33.3,61.2,49.5,0.400,0,0,0,0,,,,,,,529,729,,,,,HSF1_HUMAN___DDX17_HUMAN_unrelaxed_rank_004_alphafold2_multimer_v3_model_5_seed_000.pdb
HSF1_HUMAN___DDX17_HUMAN,5,2,A,B,0.0000,0.0,0.0,0.0000,0.3062,0.0000,0.0000,0.0,0.0,0.1900,33.8,62.4,50.4,0.400,0,0,0,0,,,,,,,529,729,,,,,HSF1_HUMAN___DDX17_HUMAN_unrelaxed_rank_005_alphafold2_multimer_v3_model_2_seed_000.pdb
HSF1_HUMAN___ERH_HUMAN,1,3,A,B,0.0585,57.9,3.4,0.0112,0.3934,0.0494,0.0693,129.0,26.0,0.3700,39.0,81.5,46.0,0.280,9,54,8,9,73.3,82.5,81.2,71.9,69.2,70.5,529,104,"[42,78-84,100]","[5,7,9,11,21-22,25,28-30,32-33,35-45,47-63,65,70-71,81,83,85-87,89-91,93-94,96]","[78-84,100]","[37,40-41,48-53]",HSF1_HUMAN___ERH_HUMAN_unrelaxed_rank_001_alphafold2_multimer_v3_model_3_seed_000.pdb
HSF1_HUMAN___ERH_HUMAN,2,1,A,B,0.0000,0.0,0.0,0.0000,0.2655,0.0000,0.0000,0.0,0.0,0.3700,42.2,79.5,48.3,0.250,0,0,0,0,,,,,,,529,104,,,,,HSF1_HUMAN___ERH_HUMAN_unrelaxed_rank_002_alphafold2_multimer_v3_model_1_seed_000.pdb
HSF1_HUMAN___ERH_HUMAN,3,2,A,B,0.0000,0.0,0.0,0.0000,0.2153,0.0000,0.0000,0.0,0.0,0.2500,41.6,86.2,48.9,0.240,0,0,0,0,,,,,,,529,104,,,,,HSF1_HUMAN___ERH_HUMAN_unrelaxed_rank_003_alphafold2_multimer_v3_model_2_seed_000.pdb
HSF1_HUMAN___ERH_HUMAN,4,4,A,B,0.0000,0.0,0.0,0.0000,0.2165,0.0000,0.0000,0.0,0.0,0.2000,38.3,83.7,45.8,0.240,0,0,0,0,,,,,,,529,104,,,,,HSF1_HUMAN___ERH_HUMAN_unrelaxed_rank_004_alphafold2_multimer_v3_model_4_seed_000.pdb
HSF1_HUMAN___ERH_HUMAN,5,5,A,B,0.0000,0.0,0.0,0.0000,0.1460,0.0000,0.0000,0.0,0.0,0.1500,39.7,85.0,47.1,0.250,0,0,0,0,,,,,,,529,104,,,,,HSF1_HUMAN___ERH_HUMAN_unrelaxed_rank_005_alphafold2_multimer_v3_model_5_seed_000.pdb
HSF1_HUMAN___HNRPL_HUMAN,1,1,A,B,0.0351,1.7,0.1,0.0000,0.4311,0.0349,0.0354,3.0,1.0,0.2100,34.0,63.4,49.5,0.300,1,3,1,1,31.4,76.6,65.3,31.4,79.8,55.6,529,589,[213],"[247,251,257]",[213],[251],HSF1_HUMAN___HNRPL_HUMAN_unrelaxed_rank_001_alphafold2_multimer_v3_model_1_seed_000.pdb
HSF1_HUMAN___HNRPL_HUMAN,2,5,A,B,0.0858,33.0,2.8,0.0149,0.6022,0.0649,0.1135,121.0,9.0,0.2000,36.0,66.3,52.0,0.300,4,66,2,7,33.6,89.8,86.6,36.8,88.7,77.2,529,589,[210-213],"[194-196,198,203-205,208-210,212-215,217-218,220-228,232-233,235-247,249-251,254-263,266-269,273,275,279,281-286]","[211,213]","[213-214,251,254-256,263]",HSF1_HUMAN___HNRPL_HUMAN_unrelaxed_rank_002_alphafold2_multimer_v3_model_5_seed_000.pdb
HSF1_HUMAN___HNRPL_HUMAN,3,3,A,B,0.0000,0.0,0.0,0.0000,0.3856,0.0025,0.0000,1.0,0.0,0.1600,34.6,65.2,50.7,0.300,1,1,0,0,28.6,91.5,60.0,,,,529,589,[212],[196],,,HSF1_HUMAN___HNRPL_HUMAN_unrelaxed_rank_003_alphafold2_multimer_v3_model_3_seed_000.pdb
HSF1_HUMAN___HNRPL_HUMAN,4,2,A,B,0.0000,0.0,0.0,0.0000,0.1363,0.0000,0.0000,0.0,0.0,0.1500,36.3,67.0,52.5,0.300,0,0,0,0,,,,,,,529,589,,,,,HSF1_HUMAN___HNRPL_HUMAN_unrelaxed_rank_004_alphafold2_multimer_v3_model_2_seed_000.pdb
HSF1_HUMAN___HNRPL_HUMAN,5,4,A,B,0.0000,0.0,0.0,0.0000,0.2988,0.0000,0.0000,0.0,0.0,0.1500,33.6,65.1,50.2,0.300,0,0,0,0,,,,,,,529,589,,,,,HSF1_HUMAN___HNRPL_HUMAN_unrelaxed_rank_005_alphafold2_multimer_v3_model_4_seed_000.pdb
HSF1_HUMAN___PGK1_HUMAN,1,3,A,B,0.0000,0.0,0.0,0.0000,0.3045,0.0029,0.0000,1.0,0.0,0.2600,35.4,95.8,62.0,0.510,1,1,0,0,86.8,98.4,92.6,,,,529,417,[69],[106],,,HSF1_HUMAN___PGK1_HUMAN_unrelaxed_rank_001_alphafold2_multimer_v3_model_3_seed_000.pdb
HSF1_HUMAN___PGK1_HUMAN,2,2,A,B,0.0000,0.0,0.0,0.0000,0.2670,0.0000,0.0000,0.0,0.0,0.2600,35.1,96.3,62.1,0.500,0,0,0,0,,,,,,,529,417,,,,,HSF1_HUMAN___PGK1_HUMAN_unrelaxed_rank_002_alphafold2_multimer_v3_model_2_seed_000.pdb
HSF1_HUMAN___PGK1_HUMAN,3,1,A,B,0.0000,0.0,0.0,0.0000,0.1393,0.0021,0.0000,1.0,0.0,0.2300,35.8,95.5,62.1,0.500,1,1,0,0,86.6,98.1,92.3,,,,529,417,[69],[244],,,HSF1_HUMAN___PGK1_HUMAN_unrelaxed_rank_003_alphafold2_multimer_v3_model_1_seed_000.pdb
HSF1_HUMAN___PGK1_HUMAN,4,4,A,B,0.0000,0.0,0.0,0.0000,0.1728,0.0000,0.0000,0.0,0.0,0.1600,32.0,95.7,60.1,0.480,0,0,0,0,,,,,,,529,417,,,,,HSF1_HUMAN___PGK1_HUMAN_unrelaxed_rank_004_alphafold2_multimer_v3_model_4_seed_000.pdb
HSF1_HUMAN___PGK1_HUMAN,5,5,A,B,0.0000,0.0,0.0,0.0000,0.1430,0.0000,0.0000,0.0,0.0,0.1500,34.9,96.0,61.8,0.480,0,0,0,0,,,,,,,529,417,,,,,HSF1_HUMAN___PGK1_HUMAN_unrelaxed_rank_005_alphafold2_multimer_v3_model_5_seed_000.pdb
HSF1_HUMAN___ROAA_HUMAN,1,4,A,B,0.0000,0.0,0.0,0.0000,0.2733,0.0000,0.0000,0.0,0.0,0.1700,37.4,52.9,43.4,0.240,0,0,0,0,,,,,,,529,332,,,,,HSF1_HUMAN___ROAA_HUMAN_unrelaxed_rank_001_alphafold2_multimer_v3_model_4_seed_000.pdb
HSF1_HUMAN___ROAA_HUMAN,2,5,A,B,0.0000,0.0,0.0,0.0000,0.1810,0.0000,0.0000,0.0,0.0,0.1700,39.0,54.4,44.9,0.240,0,0,0,0,,,,,,,529,332,,,,,HSF1_HUMAN___ROAA_HUMAN_unrelaxed_rank_002_alphafold2_multimer_v3_model_5_seed_000.pdb
HSF1_HUMAN___ROAA_HUMAN,3,1,A,B,0.0000,0.0,0.0,0.0000,0.1545,0.0000,0.0000,0.0,0.0,0.1700,38.1,52.5,43.7,0.240,0,0,0,0,,,,,,,529,332,,,,,HSF1_HUMAN___ROAA_HUMAN_unrelaxed_rank_003_alphafold2_multimer_v3_model_1_seed_000.pdb
HSF1_HUMAN___ROAA_HUMAN,4,2,A,B,0.0000,0.0,0.0,0.0000,0.0000,0.0000,0.0000,0.0,0.0,0.1600,38.8,53.8,44.6,0.240,0,0,0,0,,,,,,,529,332,,,,,HSF1_HUMAN___ROAA_HUMAN_unrelaxed_rank_004_alphafold2_multimer_v3_model_2_seed_000.pdb
HSF1_HUMAN___ROAA_HUMAN,5,3,A,B,0.0000,0.0,0.0,0.0000,0.1606,0.0000,0.0000,0.0,0.0,0.1500,38.5,54.1,44.5,0.240,0,0,0,0,,,,,,,529,332,,,,,HSF1_HUMAN___ROAA_HUMAN_unrelaxed_rank_005_alphafold2_multimer_v3_model_3_seed_000.pdb
HSF1_HUMAN___SPF27_HUMAN,1,3,A,B,0.3447,613.4,211.4,0.1281,0.8085,0.2539,0.4680,5534.0,68.0,0.4200,40.9,79.4,52.4,0.320,56,91,15,14,78.1,83.6,81.5,78.8,82.5,80.6,529,225,[146-201],[79-169],"[165,168-169,172,175-176,179,182-183,186,189-190,193,196-197]","[100,103-104,107,110-111,114,117-118,120-121,124-125,128]",HSF1_HUMAN___SPF27_HUMAN_unrelaxed_rank_001_alphafold2_multimer_v3_model_3_seed_000.pdb
HSF1_HUMAN___SPF27_HUMAN,2,5,A,B,0.2623,622.5,163.3,0.0710,0.7220,0.1936,0.3554,4167.0,93.0,0.3700,42.1,71.9,51.0,0.300,52,80,19,20,70.2,73.1,72.0,72.4,75.5,74.0,529,225,"[147,150-151,153-201]",[82-161],"[165,168-169,171-172,175-176,178-179,182-183,185-186,189-190,192-193,196-197]","[89,98,100,103-104,106-107,110-111,113-114,117-118,120-121,124-125,127-128,132]",HSF1_HUMAN___SPF27_HUMAN_unrelaxed_rank_002_alphafold2_multimer_v3_model_5_seed_000.pdb
HSF1_HUMAN___SPF27_HUMAN,3,2,A,B,0.3199,572.4,183.1,0.0740,0.8065,0.2242,0.4565,3901.0,84.0,0.3300,40.8,68.3,49.0,0.270,51,80,17,18,70.3,72.8,71.8,72.4,72.8,72.6,529,225,[150-200],[84-163],"[165,168-169,171-172,175-176,178-179,182-183,185-186,189-190,193,196]","[89,100,103-104,106-107,110-111,113-114,117-118,120-121,124-125,127-128]",HSF1_HUMAN___SPF27_HUMAN_unrelaxed_rank_003_alphafold2_multimer_v3_model_2_seed_000.pdb
HSF1_HUMAN___SPF27_HUMAN,4,1,A,B,0.0000,0.0,0.0,0.0000,0.2404,0.0000,0.0000,0.0,0.0,0.2100,40.9,65.4,48.2,0.240,0,0,0,0,,,,,,,529,225,,,,,HSF1_HUMAN___SPF27_HUMAN_unrelaxed_rank_004_alphafold2_multimer_v3_model_1_seed_000.pdb
HSF1_HUMAN___SPF27_HUMAN,5,4,A,B,0.0000,0.0,0.0,0.0000,0.2997,0.0000,0.0000,0.0,0.0,0.1800,38.5,45.5,40.6,0.220,0,0,0,0,,,,,,,529,225,,,,,HSF1_HUMAN___SPF27_HUMAN_unrelaxed_rank_005_alphafold2_multimer_v3_model_4_seed_000.pdb
HSF1_HUMAN___TR150_HUMAN,1,2,A,B,0.2538,522.2,132.5,0.0404,0.8054,0.2084,0.3090,2622.0,104.0,0.2500,41.0,18.9,26.8,0.230,64,45,22,19,61.6,56.1,59.3,61.0,58.1,59.7,529,955,"[144-145,147-148,150-198,326-336]",[623-667],"[163-164,166-168,170-171,178,181-182,185-186,189,192-193,196-197,327-328,331-332,335]","[627,630-631,633-635,637-639,641-643,650,653-654,657-658,661,665]",HSF1_HUMAN___TR150_HUMAN_unrelaxed_rank_001_alphafold2_multimer_v3_model_2_seed_000.pdb
HSF1_HUMAN___TR150_HUMAN,2,4,A,B,0.1782,251.6,44.8,0.0157,0.7403,0.1479,0.2148,879.0,72.0,0.2400,40.2,18.7,26.4,0.210,44,35,20,18,54.4,48.9,52.0,53.6,49.8,51.8,529,955,"[166-198,393-402,418]","[623-646,649-659]","[167-168,171,178-179,181-182,185-186,189-190,193,196-197,395-396,398-399,401-402]","[623-624,627-632,634-635,638-639,642-643,650,653-654,657]",HSF1_HUMAN___TR150_HUMAN_unrelaxed_rank_002_alphafold2_multimer_v3_model_4_seed_000.pdb
HSF1_HUMAN___TR150_HUMAN,3,1,A,B,0.1187,150.2,17.8,0.0134,0.6464,0.0988,0.1425,434.0,52.0,0.2300,37.3,17.3,24.4,0.220,33,22,13,13,48.6,43.9,46.7,48.8,44.4,46.6,529,955,"[170-172,174-175,177-197,330-336]","[625-643,649-650,655]","[171,178,181-182,185-186,189-190,192-193,331-332,335]","[627-628,630-631,634-635,637-639,641-643,650]",HSF1_HUMAN___TR150_HUMAN_unrelaxed_rank_003_alphafold2_multimer_v3_model_1_seed_000.pdb
HSF1_HUMAN___TR150_HUMAN,4,3,A,B,0.0667,51.7,3.5,0.0107,0.5839,0.0598,0.0745,107.0,25.0,0.2200,37.7,18.3,25.2,0.220,19,14,8,6,49.4,43.3,46.8,49.6,44.3,47.3,529,955,"[182-195,395,397-398,400-401]",[627-640],"[182,185-186,189-190,193,395,398]","[630-632,634-635,638]",HSF1_HUMAN___TR150_HUMAN_unrelaxed_rank_004_alphafold2_multimer_v3_model_3_seed_000.pdb
HSF1_HUMAN___TR150_HUMAN,5,5,A,B,0.0594,44.5,2.6,0.0000,0.5526,0.0501,0.0704,90.0,22.0,0.2200,38.6,18.1,25.4,0.210,13,17,6,7,50.9,44.8,47.4,50.7,43.7,46.9,529,955,"[182-183,185-194,196]","[626-640,642-643]","[182,185-186,189-190,193]","[627,631,634-635,638,642-643]",HSF1_HUMAN___TR150_HUMAN_unrelaxed_rank_005_alphafold2_multimer_v3_model_5_seed_000.pdb
HSF1_HUMAN___EF1B_HUMAN,1,4,A,B,0.0324,37.9,1.2,0.0000,0.4136,0.0276,0.0379,160.0,9.0,0.2500,37.8,71.5,47.9,0.270,54,21,6,3,83.7,86.9,84.6,72.9,81.2,75.7,529,225,"[16-23,26-27,36-39,41,43-45,47,52,56-57,60-79,98-100,102-106,111-112,114,116]","[146-149,158,162-163,187-189,200,203,207-208,210-211,214-217,219]","[18,61,63,68,71-72]","[147,215-216]",HSF1_HUMAN___EF1B_HUMAN_unrelaxed_rank_001_alphafold2_multimer_v3_model_4_seed_000.pdb
HSF1_HUMAN___EF1B_HUMAN,2,1,A,B,0.2358,209.5,49.4,0.0199,0.6643,0.1875,0.2966,828.0,53.0,0.2000,40.6,70.4,49.5,0.250,90,11,15,7,84.6,39.6,79.7,78.2,42.3,66.8,529,225,"[15-81,96-118]",[99-109],"[16-22,61-63,68-69,72,75,117]","[100,102-107]",HSF1_HUMAN___EF1B_HUMAN_unrelaxed_rank_002_alphafold2_multimer_v3_model_1_seed_000.pdb
HSF1_HUMAN___EF1B_HUMAN,3,3,A,B,0.0529,25.3,1.3,0.0000,0.4235,0.0937,0.0299,71.0,9.0,0.1800,38.6,70.5,48.1,0.250,41,4,7,3,81.6,34.4,77.4,77.8,35.3,65.0,529,225,"[16-17,19,21,23-24,26-27,37,42-45,47-49,52,54-56,58-60,62,66-68,70-77,98-100,104-105,112]",[101-104],"[16-17,19,21,60,68,72]",[102-104],HSF1_HUMAN___EF1B_HUMAN_unrelaxed_rank_003_alphafold2_multimer_v3_model_3_seed_000.pdb
HSF1_HUMAN___EF1B_HUMAN,4,2,A,B,0.1363,149.9,20.4,0.0160,0.5631,0.1148,0.1619,424.0,53.0,0.1800,39.9,74.6,50.3,0.240,88,8,19,7,84.4,38.9,80.6,79.2,39.6,68.5,529,225,"[15-81,97-106,108-118]",[100-107],"[16-19,21-22,60-63,65,68-69,71-73,75-76,117]",[100-106],HSF1_HUMAN___EF1B_HUMAN_unrelaxed_rank_004_alphafold2_multimer_v3_model_2_seed_000.pdb
HSF1_HUMAN___EF1B_HUMAN,5,5,A,B,0.0000,0.0,0.0,0.0000,0.2017,0.0000,0.0000,0.0,0.0,0.1600,39.5,68.6,48.2,0.240,0,0,0,0,,,,,,,529,225,,,,,HSF1_HUMAN___EF1B_HUMAN_unrelaxed_rank_005_alphafold2_multimer_v3_model_5_seed_000.pdb
HSF1_HUMAN___HNRPM_HUMAN,1,1,A,B,0.0000,0.0,0.0,0.0000,0.1791,0.0000,0.0000,0.0,0.0,0.1600,34.8,39.1,37.3,0.220,0,0,0,0,,,,,,,529,730,,,,,HSF1_HUMAN___HNRPM_HUMAN_unrelaxed_rank_001_alphafold2_multimer_v3_model_1_seed_000.pdb
HSF1_HUMAN___HNRPM_HUMAN,2,4,A,B,0.0000,0.0,0.0,0.0000,0.2083,0.0000,0.0000,0.0,0.0,0.1600,33.6,38.5,36.4,0.220,0,0,0,0,,,,,,,529,730,,,,,HSF1_HUMAN___HNRPM_HUMAN_unrelaxed_rank_002_alphafold2_multimer_v3_model_4_seed_000.pdb
HSF1_HUMAN___HNRPM_HUMAN,3,2,A,B,0.0000,0.0,0.0,0.0000,0.1798,0.0000,0.0000,0.0,0.0,0.1600,37.3,42.0,40.0,0.220,0,0,0,0,,,,,,,529,730,,,,,HSF1_HUMAN___HNRPM_HUMAN_unrelaxed_rank_003_alphafold2_multimer_v3_model_2_seed_000.pdb
HSF1_HUMAN___HNRPM_HUMAN,4,3,A,B,0.0000,0.0,0.0,0.0000,0.2111,0.0000,0.0000,0.0,0.0,0.1500,33.3,38.4,36.3,0.220,0,0,0,0,,,,,,,529,730,,,,,HSF1_HUMAN___HNRPM_HUMAN_unrelaxed_rank_004_alphafold2_multimer_v3_model_3_seed_000.pdb
HSF1_HUMAN___HNRPM_HUMAN,5,5,A,B,0.0000,0.0,0.0,0.0000,0.1852,0.0000,0.0000,0.0,0.0,0.1500,35.9,40.4,38.5,0.220,0,0,0,0,,,,,,,529,730,,,,,HSF1_HUMAN___HNRPM_HUMAN_unrelaxed_rank_005_alphafold2_multimer_v3_model_5_seed_000.pdb
HSF1_HUMAN___LDHA_HUMAN,1,1,A,B,0.0262,115.7,3.0,0.0126,0.5374,0.0192,0.0360,418.0,32.0,0.2900,38.4,93.0,59.5,0.450,10,184,7,19,32.3,93.6,90.4,32.4,87.3,72.5,529,332,"[265-270,296-299]","[21,23-24,27-32,34-36,39-44,47-67,71,77-79,82-92,94-101,105,109-132,135-140,142-143,146,148-151,153-154,156-157,159,166,171-178,182,189,198-202,209,212,214,217,220,225-231,233,235-236,238-256,258,261-265,268-271,286-288,292-293,295,308-313,315,319,321-324,326]","[265-269,297,299]","[27,29-31,95,97-100,109,136-140,242,247-249]",HSF1_HUMAN___LDHA_HUMAN_unrelaxed_rank_001_alphafold2_multimer_v3_model_1_seed_000.pdb
HSF1_HUMAN___LDHA_HUMAN,2,4,A,B,0.0000,0.0,0.0,0.0000,0.2670,0.0000,0.0000,0.0,0.0,0.2900,33.8,93.6,56.9,0.450,0,0,0,0,,,,,,,529,332,,,,,HSF1_HUMAN___LDHA_HUMAN_unrelaxed_rank_002_alphafold2_multimer_v3_model_4_seed_000.pdb
HSF1_HUMAN___LDHA_HUMAN,3,5,A,B,0.0324,173.1,5.6,0.0119,0.5060,0.0285,0.0367,832.0,36.0,0.2500,36.8,94.6,59.1,0.450,7,264,6,21,34.3,95.5,93.9,35.0,91.5,78.9,529,332,[264-270],"[21-35,37-72,77-79,81-102,104-105,107-161,163,165-168,170-178,180,182-185,189-190,197-204,206-207,209-215,217-218,225-249,251-278,281,283,285-288,290-295,300-301,303-304,308-309,311-330]",[265-270],"[26-31,52,95-100,116,136-139,242,247-248]",HSF1_HUMAN___LDHA_HUMAN_unrelaxed_rank_003_alphafold2_multimer_v3_model_5_seed_000.pdb
HSF1_HUMAN___LDHA_HUMAN,4,3,A,B,0.0000,0.0,0.0,0.0000,0.3430,0.0033,0.0000,1.0,0.0,0.2300,35.9,93.1,58.0,0.450,1,1,0,0,29.7,98.7,64.2,,,,529,332,[268],[132],,,HSF1_HUMAN___LDHA_HUMAN_unrelaxed_rank_004_alphafold2_multimer_v3_model_3_seed_000.pdb
HSF1_HUMAN___LDHA_HUMAN,5,2,A,B,0.0000,0.0,0.0,0.0000,0.1860,0.0000,0.0000,0.0,0.0,0.1600,37.6,94.9,59.7,0.440,0,0,0,0,,,,,,,529,332,,,,,HSF1_HUMAN___LDHA_HUMAN_unrelaxed_rank_005_alphafold2_multimer_v3_model_2_seed_000.pdb
HSF1_HUMAN___RBBP7_HUMAN,1,3,A,B,0.0000,0.0,0.0,0.0000,0.3515,0.0000,0.0000,0.0,0.0,0.2500,31.5,86.5,56.0,0.490,0,0,0,0,,,,,,,529,425,,,,,HSF1_HUMAN___RBBP7_HUMAN_unrelaxed_rank_001_alphafold2_multimer_v3_model_3_seed_000.pdb
HSF1_HUMAN___RBBP7_HUMAN,2,5,A,B,0.0000,0.0,0.0,0.0000,0.2111,0.0000,0.0000,0.0,0.0,0.1900,33.0,87.2,57.1,0.480,0,0,0,0,,,,,,,529,425,,,,,HSF1_HUMAN___RBBP7_HUMAN_unrelaxed_rank_002_alphafold2_multimer_v3_model_5_seed_000.pdb
HSF1_HUMAN___RBBP7_HUMAN,3,4,A,B,0.0000,0.0,0.0,0.0000,0.1806,0.0000,0.0000,0.0,0.0,0.1900,28.6,85.2,53.8,0.470,0,0,0,0,,,,,,,529,425,,,,,HSF1_HUMAN___RBBP7_HUMAN_unrelaxed_rank_003_alphafold2_multimer_v3_model_4_seed_000.pdb
HSF1_HUMAN___RBBP7_HUMAN,4,1,A,B,0.0000,0.0,0.0,0.0000,0.1676,0.0000,0.0000,0.0,0.0,0.1800,32.6,85.2,56.0,0.480,0,0,0,0,,,,,,,529,425,,,,,HSF1_HUMAN___RBBP7_HUMAN_unrelaxed_rank_004_alphafold2_multimer_v3_model_1_seed_000.pdb
HSF1_HUMAN___RBBP7_HUMAN,5,2,A,B,0.0000,0.0,0.0,0.0000,0.1674,0.0000,0.0000,0.0,0.0,0.1800,32.3,85.9,56.2,0.470,0,0,0,0,,,,,,,529,425,,,,,HSF1_HUMAN___RBBP7_HUMAN_unrelaxed_rank_005_alphafold2_multimer_v3_model_2_seed_000.pdb
HSF1_HUMAN___RBP56_HUMAN,1,1,A,B,0.0000,0.0,0.0,0.0000,0.1637,0.0000,0.0000,0.0,0.0,0.1600,34.9,29.1,31.8,0.230,0,0,0,0,,,,,,,529,592,,,,,HSF1_HUMAN___RBP56_HUMAN_unrelaxed_rank_001_alphafold2_multimer_v3_model_1_seed_000.pdb
HSF1_HUMAN___RBP56_HUMAN,2,3,A,B,0.0000,0.0,0.0,0.0000,0.2138,0.0000,0.0000,0.0,0.0,0.1600,36.4,28.9,32.4,0.230,0,0,0,0,,,,,,,529,592,,,,,HSF1_HUMAN___RBP56_HUMAN_unrelaxed_rank_002_alphafold2_multimer_v3_model_3_seed_000.pdb
HSF1_HUMAN___RBP56_HUMAN,3,4,A,B,0.0000,0.0,0.0,0.0000,0.2152,0.0000,0.0000,0.0,0.0,0.1600,36.3,30.6,33.3,0.230,0,0,0,0,,,,,,,529,592,,,,,HSF1_HUMAN___RBP56_HUMAN_unrelaxed_rank_003_alphafold2_multimer_v3_model_4_seed_000.pdb
HSF1_HUMAN___RBP56_HUMAN,4,2,A,B,0.0000,0.0,0.0,0.0000,0.1235,0.0000,0.0000,0.0,0.0,0.1500,38.9,30.4,34.4,0.230,0,0,0,0,,,,,,,529,592,,,,,HSF1_HUMAN___RBP56_HUMAN_unrelaxed_rank_004_alphafold2_multimer_v3_model_2_seed_000.pdb
HSF1_HUMAN___RBP56_HUMAN,5,5,A,B,0.0000,0.0,0.0,0.0000,0.1465,0.0000,0.0000,0.0,0.0,0.1400,38.0,30.1,33.8,0.220,0,0,0,0,,,,,,,529,592,,,,,HSF1_HUMAN___RBP56_HUMAN_unrelaxed_rank_005_alphafold2_multimer_v3_model_5_seed_000.pdb
HSF1_HUMAN___RL35_HUMAN,1,1,A,B,0.3263,120.7,39.4,0.0306,0.8001,0.2519,0.4227,260.0,56.0,0.2600,45.6,80.4,52.2,0.240,12,20,9,9,58.6,76.4,69.7,61.4,70.4,65.9,529,123,[261-272],[104-123],"[262-269,271]",[115-123],HSF1_HUMAN___RL35_HUMAN_unrelaxed_rank_001_alphafold2_multimer_v3_model_1_seed_000.pdb
HSF1_HUMAN___RL35_HUMAN,2,3,A,B,0.0000,0.0,0.0,0.0000,0.2193,0.0000,0.0000,0.0,0.0,0.1500,42.1,73.7,48.1,0.250,0,0,0,0,,,,,,,529,123,,,,,HSF1_HUMAN___RL35_HUMAN_unrelaxed_rank_002_alphafold2_multimer_v3_model_3_seed_000.pdb
HSF1_HUMAN___RL35_HUMAN,3,4,A,B,0.0000,0.0,0.0,0.0000,0.0890,0.0000,0.0000,0.0,0.0,0.1300,40.0,74.6,46.5,0.230,0,0,0,0,,,,,,,529,123,,,,,HSF1_HUMAN___RL35_HUMAN_unrelaxed_rank_003_alphafold2_multimer_v3_model_4_seed_000.pdb
HSF1_HUMAN___RL35_HUMAN,4,5,A,B,0.0000,0.0,0.0,0.0000,0.0768,0.0000,0.0000,0.0,0.0,0.1100,41.8,75.2,48.1,0.240,0,0,0,0,,,,,,,529,123,,,,,HSF1_HUMAN___RL35_HUMAN_unrelaxed_rank_004_alphafold2_multimer_v3_model_5_seed_000.pdb
HSF1_HUMAN___RL35_HUMAN,5,2,A,B,0.0000,0.0,0.0,0.0000,0.0910,0.0000,0.0000,0.0,0.0,0.1100,43.3,76.0,49.5,0.240,0,0,0,0,,,,,,,529,123,,,,,HSF1_HUMAN___RL35_HUMAN_unrelaxed_rank_005_alphafold2_multimer_v3_model_2_seed_000.pdb
HSF1_HUMAN___SART3_HUMAN,1,3,A,B,0.0000,0.0,0.0,0.0000,0.4391,0.0107,0.0000,10.0,0.0,0.2400,31.4,70.7,56.8,0.460,1,10,0,0,75.4,94.2,92.5,,,,529,963,[69],"[97,100-102,113,115,117,119,134,403]",,,HSF1_HUMAN___SART3_HUMAN_unrelaxed_rank_001_alphafold2_multimer_v3_model_3_seed_000.pdb
HSF1_HUMAN___SART3_HUMAN,2,1,A,B,0.0000,0.0,0.0,0.0000,0.3588,0.0000,0.0000,0.0,0.0,0.2000,30.9,70.7,56.6,0.440,0,0,0,0,,,,,,,529,963,,,,,HSF1_HUMAN___SART3_HUMAN_unrelaxed_rank_002_alphafold2_multimer_v3_model_1_seed_000.pdb
HSF1_HUMAN___SART3_HUMAN,3,2,A,B,0.0000,0.0,0.0,0.0000,0.2782,0.0000,0.0000,0.0,0.0,0.2000,31.3,70.7,56.7,0.440,0,0,0,0,,,,,,,529,963,,,,,HSF1_HUMAN___SART3_HUMAN_unrelaxed_rank_003_alphafold2_multimer_v3_model_2_seed_000.pdb
HSF1_HUMAN___SART3_HUMAN,4,4,A,B,0.0000,0.0,0.0,0.0000,0.3665,0.0000,0.0000,0.0,0.0,0.2000,30.2,68.2,54.7,0.430,0,0,0,0,,,,,,,529,963,,,,,HSF1_HUMAN___SART3_HUMAN_unrelaxed_rank_004_alphafold2_multimer_v3_model_4_seed_000.pdb
HSF1_HUMAN___SART3_HUMAN,5,5,A,B,0.0000,0.0,0.0,0.0000,0.3573,0.0000,0.0000,0.0,0.0,0.1800,31.3,70.2,56.4,0.430,0,0,0,0,,,,,,,529,963,,,,,HSF1_HUMAN___SART3_HUMAN_unrelaxed_rank_005_alphafold2_multimer_v3_model_5_seed_000.pdb
HSF1_HUMAN___CPSF5_HUMAN,1,1,A,B,0.0629,82.1,5.2,0.0121,0.4793,0.0569,0.0695,293.0,23.0,0.3600,39.5,83.3,52.7,0.350,8,136,7,13,38.5,92.9,89.9,39.1,89.9,72.1,529,227,[264-271],"[36-54,60,62,64,66-68,70,77-80,82,85-95,98-101,103-105,107,109-113,115-129,139-141,144,147-151,155,157-160,170-176,178-201,205-214,216-226]",[265-271],"[42,45-49,88,95,185,192-195]",HSF1_HUMAN___CPSF5_HUMAN_unrelaxed_rank_001_alphafold2_multimer_v3_model_1_seed_000.pdb
HSF1_HUMAN___CPSF5_HUMAN,2,4,A,B,0.0000,0.0,0.0,0.0000,0.2630,0.0000,0.0000,0.0,0.0,0.3300,37.1,81.5,50.4,0.350,0,0,0,0,,,,,,,529,227,,,,,HSF1_HUMAN___CPSF5_HUMAN_unrelaxed_rank_002_alphafold2_multimer_v3_model_4_seed_000.pdb
HSF1_HUMAN___CPSF5_HUMAN,3,3,A,B,0.0000,0.0,0.0,0.0000,0.2100,0.0000,0.0000,0.0,0.0,0.1800,37.4,82.5,50.9,0.330,0,0,0,0,,,,,,,529,227,,,,,HSF1_HUMAN___CPSF5_HUMAN_unrelaxed_rank_003_alphafold2_multimer_v3_model_3_seed_000.pdb
HSF1_HUMAN___CPSF5_HUMAN,4,5,A,B,0.0000,0.0,0.0,0.0000,0.1424,0.0000,0.0000,0.0,0.0,0.1500,38.0,84.0,51.8,0.330,0,0,0,0,,,,,,,529,227,,,,,HSF1_HUMAN___CPSF5_HUMAN_unrelaxed_rank_004_alphafold2_multimer_v3_model_5_seed_000.pdb
HSF1_HUMAN___CPSF5_HUMAN,5,2,A,B,0.0000,0.0,0.0,0.0000,0.0000,0.0000,0.0000,0.0,0.0,0.1400,38.7,84.6,52.5,0.330,0,0,0,0,,,,,,,529,227,,,,,HSF1_HUMAN___CPSF5_HUMAN_unrelaxed_rank_005_alphafold2_multimer_v3_model_2_seed_000.pdb
HSF1_HUMAN___DX39B_HUMAN,1,4,A,B,0.0000,0.0,0.0,0.0000,0.2209,0.0000,0.0000,0.0,0.0,0.2300,30.6,83.7,54.3,0.460,0,0,0,0,,,,,,,529,428,,,,,HSF1_HUMAN___DX39B_HUMAN_unrelaxed_rank_001_alphafold2_multimer_v3_model_4_seed_000.pdb
HSF1_HUMAN___DX39B_HUMAN,2,1,A,B,0.1772,218.6,38.7,0.0180,0.6083,0.1455,0.2159,605.0,79.0,0.2200,34.6,81.3,55.5,0.430,88,9,18,9,76.6,42.1,73.4,69.9,42.1,60.6,529,428,"[15-81,97-117]",[8-16],"[16-18,21-22,57,60-69,71-72]",[8-16],HSF1_HUMAN___DX39B_HUMAN_unrelaxed_rank_002_alphafold2_multimer_v3_model_1_seed_000.pdb
HSF1_HUMAN___DX39B_HUMAN,3,5,A,B,0.1676,155.3,26.0,0.0221,0.6583,0.1337,0.2102,423.0,57.0,0.2100,34.0,84.4,56.5,0.450,87,7,18,6,81.3,36.2,77.9,73.6,36.8,64.4,529,428,"[15-39,41-81,97-117]",[9-15],"[16-18,21-22,57,60-69,71-72]",[9-14],HSF1_HUMAN___DX39B_HUMAN_unrelaxed_rank_003_alphafold2_multimer_v3_model_5_seed_000.pdb
HSF1_HUMAN___DX39B_HUMAN,4,3,A,B,0.0000,0.0,0.0,0.0000,0.3904,0.0000,0.0000,0.0,0.0,0.1800,33.5,84.1,56.1,0.460,0,0,0,0,,,,,,,529,428,,,,,HSF1_HUMAN___DX39B_HUMAN_unrelaxed_rank_004_alphafold2_multimer_v3_model_3_seed_000.pdb
HSF1_HUMAN___DX39B_HUMAN,5,2,A,B,0.0070,3.5,0.0,0.0000,0.3938,0.0088,0.0056,6.0,2.0,0.1800,34.9,79.8,55.0,0.320,5,2,2,2,67.6,27.2,56.1,69.4,27.2,48.3,529,428,"[17,49,62-63,68]",[11-12],"[17,62]",[11-12],HSF1_HUMAN___DX39B_HUMAN_unrelaxed_rank_005_alphafold2_multimer_v3_model_2_seed_000.pdb
HSF1_HUMAN___LDHB_HUMAN,1,5,A,B,0.0233,27.8,0.6,0.0113,0.4032,0.0222,0.0246,258.0,3.0,0.3300,36.2,94.2,58.6,0.450,6,163,2,3,32.7,95.7,93.5,33.8,88.8,66.8,529,334,"[265-269,298]","[24-27,29-32,42-43,45,48,50,52,54-55,57,64-65,67-69,72-73,78-79,81,83,85-86,88-95,99-102,108,110-113,115-122,125-137,139-140,142-145,147-155,157-160,164,166-169,173-179,183,190,200-202,204-205,207,212-213,216,231,234-236,239,242-243,246,248-250,253,257,259,262-268,272,274,276-279,281,284,286-289,291,293-298,300-302,304-305,309,313,316-317,320-321,324,327]",[266-267],"[30-31,100]",HSF1_HUMAN___LDHB_HUMAN_unrelaxed_rank_001_alphafold2_multimer_v3_model_5_seed_000.pdb
HSF1_HUMAN___LDHB_HUMAN,2,1,A,B,0.0000,0.0,0.0,0.0000,0.3532,0.0115,0.0000,14.0,0.0,0.3200,38.7,93.0,59.7,0.450,4,11,0,0,34.7,88.9,74.4,,,,529,334,[296-299],"[65,106,126,179,237,241,244-245,248,250,287]",,,HSF1_HUMAN___LDHB_HUMAN_unrelaxed_rank_002_alphafold2_multimer_v3_model_1_seed_000.pdb
HSF1_HUMAN___LDHB_HUMAN,3,2,A,B,0.0000,0.0,0.0,0.0000,0.3155,0.0000,0.0000,0.0,0.0,0.2700,37.7,95.2,60.0,0.440,0,0,0,0,,,,,,,529,334,,,,,HSF1_HUMAN___LDHB_HUMAN_unrelaxed_rank_003_alphafold2_multimer_v3_model_2_seed_000.pdb
HSF1_HUMAN___LDHB_HUMAN,4,3,A,B,0.0124,15.6,0.2,0.0000,0.4195,0.0137,0.0112,81.0,3.0,0.2200,35.6,93.7,58.1,0.460,4,64,3,2,29.5,94.7,90.9,29.6,83.8,51.3,529,334,[266-269],"[23,26-30,32-33,41,48-49,51-52,55-56,64,67,79,91-92,95-97,100,113,117-118,121,126,132-133,136-138,140-141,144,147,149-151,154,158-159,177,200,234,236,242-243,246,248,253,257,261,276,284,287,296,304,320,323-324,327]","[266-267,269]","[30,100]",HSF1_HUMAN___LDHB_HUMAN_unrelaxed_rank_004_alphafold2_multimer_v3_model_3_seed_000.pdb
HSF1_HUMAN___LDHB_HUMAN,5,4,A,B,0.0000,0.0,0.0,0.0000,0.2579,0.0000,0.0000,0.0,0.0,0.1800,33.8,93.5,56.9,0.440,0,0,0,0,,,,,,,529,334,,,,,HSF1_HUMAN___LDHB_HUMAN_unrelaxed_rank_005_alphafold2_multimer_v3_model_4_seed_000.pdb
HSF1_HUMAN___RBM26_HUMAN,1,4,A,B,0.0127,1.4,0.0,0.0000,0.4344,0.0169,0.0096,2.0,1.0,0.2200,36.6,39.8,38.7,0.230,2,1,1,1,83.7,79.5,82.3,78.6,79.5,79.0,529,1007,"[53,59]",[597],[59],[597],HSF1_HUMAN___RBM26_HUMAN_unrelaxed_rank_001_alphafold2_multimer_v3_model_4_seed_000.pdb
HSF1_HUMAN___RBM26_HUMAN,2,1,A,B,0.0000,0.0,0.0,0.0000,0.2584,0.0000,0.0000,0.0,0.0,0.1900,33.1,38.6,36.7,0.230,0,0,0,0,,,,,,,529,1007,,,,,HSF1_HUMAN___RBM26_HUMAN_unrelaxed_rank_002_alphafold2_multimer_v3_model_1_seed_000.pdb
HSF1_HUMAN___RBM26_HUMAN,3,3,A,B,0.0000,0.0,0.0,0.0000,0.3400,0.0000,0.0000,0.0,0.0,0.1800,34.9,39.5,37.9,0.220,0,0,0,0,,,,,,,529,1007,,,,,HSF1_HUMAN___RBM26_HUMAN_unrelaxed_rank_003_alphafold2_multimer_v3_model_3_seed_000.pdb
HSF1_HUMAN___RBM26_HUMAN,4,2,A,B,0.0000,0.0,0.0,0.0000,0.2990,0.0000,0.0000,0.0,0.0,0.1700,37.9,41.7,40.4,0.230,0,0,0,0,,,,,,,529,1007,,,,,HSF1_HUMAN___RBM26_HUMAN_unrelaxed_rank_004_alphafold2_multimer_v3_model_2_seed_000.pdb
HSF1_HUMAN___RBM26_HUMAN,5,5,A,B,0.0033,2.0,0.0,0.0000,0.4943,0.0033,0.0033,2.0,2.0,0.1700,35.7,41.2,39.3,0.220,1,2,1,2,45.0,82.3,69.9,45.0,82.3,69.9,529,1007,[439],"[751,776]",[439],"[751,776]",HSF1_HUMAN___RBM26_HUMAN_unrelaxed_rank_005_alphafold2_multimer_v3_model_5_seed_000.pdb
HSF1_HUMAN___SF3B6_HUMAN,1,1,A,B,0.2212,261.9,57.9,0.1116,0.7496,0.1755,0.2786,1163.0,59.0,0.5500,43.3,70.1,48.4,0.250,13,82,10,13,48.4,82.5,77.8,52.4,83.4,69.9,529,125,[462-474],[16-97],[463-472],"[32-33,35-36,47-53,56,61]",HSF1_HUMAN___SF3B6_HUMAN_unrelaxed_rank_001_alphafold2_multimer_v3_model_1_seed_000.pdb
HSF1_HUMAN___SF3B6_HUMAN,2,2,A,B,0.1261,111.5,14.1,0.0222,0.5464,0.0869,0.1830,377.0,33.0,0.4700,43.0,73.5,48.8,0.240,11,73,5,10,47.5,87.4,82.2,52.0,86.1,74.7,529,125,[464-474],"[17,19-24,26-79,81-90,92-93]","[465-468,472]","[32,35,47-52,56,61]",HSF1_HUMAN___SF3B6_HUMAN_unrelaxed_rank_002_alphafold2_multimer_v3_model_2_seed_000.pdb
HSF1_HUMAN___SF3B6_HUMAN,3,4,A,B,0.1026,21.4,2.2,0.0155,0.4150,0.0816,0.1289,46.0,10.0,0.4100,41.3,68.4,46.5,0.240,6,27,4,6,47.7,82.2,75.9,50.2,78.7,67.3,529,125,[464-469],"[19,21,31,41-44,46-50,52-54,56-57,59-60,62-64,66,68-69,71,86]",[465-468],"[47-50,52,56]",HSF1_HUMAN___SF3B6_HUMAN_unrelaxed_rank_003_alphafold2_multimer_v3_model_4_seed_000.pdb
HSF1_HUMAN___SF3B6_HUMAN,4,3,A,B,0.0000,0.0,0.0,0.0000,0.1635,0.0000,0.0000,0.0,0.0,0.1800,40.1,69.4,45.7,0.260,0,0,0,0,,,,,,,529,125,,,,,HSF1_HUMAN___SF3B6_HUMAN_unrelaxed_rank_004_alphafold2_multimer_v3_model_3_seed_000.pdb
HSF1_HUMAN___SF3B6_HUMAN,5,5,A,B,0.0000,0.0,0.0,0.0000,0.0981,0.0000,0.0000,0.0,0.0,0.1600,41.4,72.3,47.3,0.250,0,0,0,0,,,,,,,529,125,,,,,HSF1_HUMAN___SF3B6_HUMAN_unrelaxed_rank_005_alphafold2_multimer_v3_model_5_seed_000.pdb
HSF1_HUMAN___XRCC5_HUMAN,1,3,A,B,0.2890,568.0,164.2,0.1262,0.9257,0.2298,0.3636,4544.0,71.0,0.4100,32.6,78.4,59.2,0.460,29,404,13,28,47.8,87.9,85.2,56.2,84.5,75.5,529,732,"[85-95,457-474]","[7-21,29-69,73-142,144,146-167,198-238,247-253,257-265,267-367,370-413,416-433,453-454,457,483-501,503-514,516]","[86-90,92,463-468,470]","[8,10,12,37,41,52,129,131,133,160,162,164,225,229-230,233-234,295-298,305,310-313,320,322]",HSF1_HUMAN___XRCC5_HUMAN_unrelaxed_rank_001_alphafold2_multimer_v3_model_3_seed_000.pdb
HSF1_HUMAN___XRCC5_HUMAN,2,1,A,B,0.1006,152.6,15.4,0.0152,0.6266,0.0895,0.1131,932.0,25.0,0.3000,32.3,76.4,57.9,0.410,8,190,5,14,39.6,87.5,85.6,42.1,85.5,74.1,529,732,[488-495],"[7-17,19-20,29-48,50-68,74-100,103-140,147-167,198,200-215,218-219,221-235,485-487,489-500,511,513-514]","[489-492,494]","[8,10,41,52,129,131,133,160,162,223,225,230,233-234]",HSF1_HUMAN___XRCC5_HUMAN_unrelaxed_rank_002_alphafold2_multimer_v3_model_1_seed_000.pdb
HSF1_HUMAN___XRCC5_HUMAN,3,4,A,B,0.0334,91.7,3.1,0.0129,0.5635,0.0341,0.0327,526.0,16.0,0.2600,28.5,77.2,56.8,0.420,7,151,4,11,42.0,88.3,86.2,41.3,87.2,75.0,529,732,[86-92],"[8-17,19,30-48,51-62,64-66,68,74,76-79,81-94,96,98,104-121,125-127,129-139,149-166,200-214,222-234,485,489-491,493,497]",[86-89],"[8,10,37,41,44,52,131,133,162,164,230]",HSF1_HUMAN___XRCC5_HUMAN_unrelaxed_rank_003_alphafold2_multimer_v3_model_4_seed_000.pdb
HSF1_HUMAN___XRCC5_HUMAN,4,5,A,B,0.0283,38.8,1.1,0.0114,0.5187,0.0270,0.0297,301.0,5.0,0.2100,32.6,77.0,58.4,0.420,4,129,2,4,29.5,91.3,89.4,28.1,91.9,70.6,529,732,[490-493],"[8-17,29-45,48,52-62,64-66,76-80,82-83,88-90,92-94,104,106-119,121-122,127,130-139,149-166,200-214,222-233,493]",[491-492],"[10,133,162,230]",HSF1_HUMAN___XRCC5_HUMAN_unrelaxed_rank_004_alphafold2_multimer_v3_model_5_seed_000.pdb
HSF1_HUMAN___XRCC5_HUMAN,5,2,A,B,0.0000,0.0,0.0,0.0000,0.2579,0.0000,0.0000,0.0,0.0,0.1900,31.9,77.3,58.3,0.410,0,0,0,0,,,,,,,529,732,,,,,HSF1_HUMAN___XRCC5_HUMAN_unrelaxed_rank_005_alphafold2_multimer_v3_model_2_seed_000.pdb
HSF1_HUMAN___XRCC6_HUMAN,1,5,A,B,0.2500,360.3,90.1,0.0373,0.7893,0.1837,0.3401,2546.0,51.0,0.4500,35.1,77.1,57.6,0.460,15,201,9,16,63.2,89.3,87.5,66.5,92.5,83.1,529,609,[325-339],"[37,39-43,60-61,63-72,82-87,102-105,107,143-154,164-170,183-190,192-194,198,200,202,217,255-279,333-404,406-421,424-442,482-483,485-486,488-489]","[326-328,330-332,334-335,338]","[263-264,267,347,349-350,380-381,383-385,387-389,392,394]",HSF1_HUMAN___XRCC6_HUMAN_unrelaxed_rank_001_alphafold2_multimer_v3_model_5_seed_000.pdb
HSF1_HUMAN___XRCC6_HUMAN,2,2,A,B,0.1519,246.2,37.4,0.0164,0.6879,0.1216,0.1896,1318.0,46.0,0.4000,34.4,78.7,58.1,0.460,14,109,8,14,61.9,90.2,87.0,66.4,91.2,82.2,529,609,[325-338],"[66,150,256-275,342-359,364-372,375-403,406-421,425-439]","[326-328,330-332,334-335]","[263-264,267,347,350,380-381,383-385,387-388,392,394]",HSF1_HUMAN___XRCC6_HUMAN_unrelaxed_rank_002_alphafold2_multimer_v3_model_2_seed_000.pdb
HSF1_HUMAN___XRCC6_HUMAN,3,4,A,B,0.0000,0.0,0.0,0.0000,0.3574,0.0000,0.0000,0.0,0.0,0.2600,32.0,77.6,56.4,0.450,0,0,0,0,,,,,,,529,609,,,,,HSF1_HUMAN___XRCC6_HUMAN_unrelaxed_rank_003_alphafold2_multimer_v3_model_4_seed_000.pdb
HSF1_HUMAN___XRCC6_HUMAN,4,3,A,B,0.0000,0.0,0.0,0.0000,0.1787,0.0000,0.0000,0.0,0.0,0.1700,31.2,77.7,56.1,0.460,0,0,0,0,,,,,,,529,609,,,,,HSF1_HUMAN___XRCC6_HUMAN_unrelaxed_rank_004_alphafold2_multimer_v3_model_3_seed_000.pdb
HSF1_HUMAN___XRCC6_HUMAN,5,1,A,B,0.0000,0.0,0.0,0.0000,0.1535,0.0000,0.0000,0.0,0.0,0.1500,32.8,78.1,57.0,0.440,0,0,0,0,,,,,,,529,609,,,,,HSF1_HUMAN___XRCC6_HUMAN_unrelaxed_rank_005_alphafold2_multimer_v3_model_1_seed_000.pdb
HSF1_HUMAN___DDX5_HUMAN,1,3,A,B,0.0754,78.5,5.9,0.0145,0.5853,0.0628,0.0906,560.0,11.0,0.2500,33.5,71.7,54.0,0.460,6,147,4,8,35.7,92.4,90.2,36.9,93.4,74.6,529,614,[210-215],"[84,134,299,311-322,324-337,339-364,366-372,379-384,386-388,390,392-399,403,407,409-434,436-474]",[210-213],"[316,318-320,328,335,440,468]",HSF1_HUMAN___DDX5_HUMAN_unrelaxed_rank_001_alphafold2_multimer_v3_model_3_seed_000.pdb
HSF1_HUMAN___DDX5_HUMAN,2,4,A,B,0.0000,0.0,0.0,0.0108,0.4460,0.0243,0.0000,57.0,0.0,0.2500,30.7,71.5,52.6,0.450,4,54,0,0,33.6,93.1,89.0,,,,529,614,[210-213],"[313-315,317-319,322,325,328,331,335,340,346,348,350-352,357,359-360,371-373,380,382-384,386-387,394,396-398,410-412,417,423-426,428,438-441,443-446,455-456,460,462]",,,HSF1_HUMAN___DDX5_HUMAN_unrelaxed_rank_002_alphafold2_multimer_v3_model_4_seed_000.pdb
HSF1_HUMAN___DDX5_HUMAN,3,2,A,B,0.0000,0.0,0.0,0.0000,0.3440,0.0000,0.0000,0.0,0.0,0.2100,34.1,71.3,54.1,0.410,0,0,0,0,,,,,,,529,614,,,,,HSF1_HUMAN___DDX5_HUMAN_unrelaxed_rank_003_alphafold2_multimer_v3_model_2_seed_000.pdb
HSF1_HUMAN___DDX5_HUMAN,4,1,A,B,0.0000,0.0,0.0,0.0000,0.4012,0.0000,0.0000,0.0,0.0,0.2100,33.9,69.5,53.0,0.380,0,0,0,0,,,,,,,529,614,,,,,HSF1_HUMAN___DDX5_HUMAN_unrelaxed_rank_004_alphafold2_multimer_v3_model_1_seed_000.pdb
HSF1_HUMAN___DDX5_HUMAN,5,5,A,B,0.0000,0.0,0.0,0.0000,0.3620,0.0000,0.0000,0.0,0.0,0.2100,33.5,69.9,53.1,0.390,0,0,0,0,,,,,,,529,614,,,,,HSF1_HUMAN___DDX5_HUMAN_unrelaxed_rank_005_alphafold2_multimer_v3_model_5_seed_000.pdb
HSF1_HUMAN___ENOA_HUMAN,1,2,A,B,0.0000,0.0,0.0,0.0000,0.2054,0.0000,0.0000,0.0,0.0,0.1700,33.9,96.5,62.1,0.510,0,0,0,0,,,,,,,529,434,,,,,HSF1_HUMAN___ENOA_HUMAN_unrelaxed_rank_001_alphafold2_multimer_v3_model_2_seed_000.pdb
HSF1_HUMAN___ENOA_HUMAN,2,3,A,B,0.0000,0.0,0.0,0.0000,0.1645,0.0000,0.0000,0.0,0.0,0.1700,34.7,96.5,62.6,0.510,0,0,0,0,,,,,,,529,434,,,,,HSF1_HUMAN___ENOA_HUMAN_unrelaxed_rank_002_alphafold2_multimer_v3_model_3_seed_000.pdb
HSF1_HUMAN___ENOA_HUMAN,3,4,A,B,0.0000,0.0,0.0,0.0000,0.1566,0.0000,0.0000,0.0,0.0,0.1500,31.0,96.4,60.5,0.500,0,0,0,0,,,,,,,529,434,,,,,HSF1_HUMAN___ENOA_HUMAN_unrelaxed_rank_003_alphafold2_multimer_v3_model_4_seed_000.pdb
HSF1_HUMAN___ENOA_HUMAN,4,5,A,B,0.0000,0.0,0.0,0.0000,0.1381,0.0000,0.0000,0.0,0.0,0.1400,34.9,96.6,62.7,0.500,0,0,0,0,,,,,,,529,434,,,,,HSF1_HUMAN___ENOA_HUMAN_unrelaxed_rank_004_alphafold2_multimer_v3_model_5_seed_000.pdb
HSF1_HUMAN___ENOA_HUMAN,5,1,A,B,0.0000,0.0,0.0,0.0000,0.1388,0.0000,0.0000,0.0,0.0,0.1400,35.0,96.4,62.7,0.500,0,0,0,0,,,,,,,529,434,,,,,HSF1_HUMAN___ENOA_HUMAN_unrelaxed_rank_005_alphafold2_multimer_v3_model_1_seed_000.pdb
HSF1_HUMAN___PARP1_HUMAN,1,3,A,B,0.0000,0.0,0.0,0.0000,0.3952,0.0000,0.0000,0.0,0.0,0.2000,30.0,80.0,62.9,0.550,0,0,0,0,,,,,,,529,1014,,,,,HSF1_HUMAN___PARP1_HUMAN_unrelaxed_rank_001_alphafold2_multimer_v3_model_3_seed_000.pdb
HSF1_HUMAN___PARP1_HUMAN,2,2,A,B,0.0000,0.0,0.0,0.0000,0.2605,0.0000,0.0000,0.0,0.0,0.1900,30.4,80.5,63.3,0.540,0,0,0,0,,,,,,,529,1014,,,,,HSF1_HUMAN___PARP1_HUMAN_unrelaxed_rank_002_alphafold2_multimer_v3_model_2_seed_000.pdb
HSF1_HUMAN___PARP1_HUMAN,3,1,A,B,0.0000,0.0,0.0,0.0000,0.2382,0.0000,0.0000,0.0,0.0,0.1800,28.8,78.9,61.7,0.530,0,0,0,0,,,,,,,529,1014,,,,,HSF1_HUMAN___PARP1_HUMAN_unrelaxed_rank_003_alphafold2_multimer_v3_model_1_seed_000.pdb
HSF1_HUMAN___PARP1_HUMAN,4,4,A,B,0.0000,0.0,0.0,0.0000,0.2156,0.0000,0.0000,0.0,0.0,0.1700,27.0,80.1,61.9,0.550,0,0,0,0,,,,,,,529,1014,,,,,HSF1_HUMAN___PARP1_HUMAN_unrelaxed_rank_004_alphafold2_multimer_v3_model_4_seed_000.pdb
HSF1_HUMAN___PARP1_HUMAN,5,5,A,B,0.0000,0.0,0.0,0.0000,0.1754,0.0000,0.0000,0.0,0.0,0.1700,29.6,80.2,62.9,0.540,0,0,0,0,,,,,,,529,1014,,,,,HSF1_HUMAN___PARP1_HUMAN_unrelaxed_rank_005_alphafold2_multimer_v3_model_5_seed_000.pdb
HSF1_HUMAN___PDCD5_HUMAN,1,2,A,B,0.0515,47.2,2.4,0.0124,0.4316,0.0489,0.0542,248.0,9.0,0.1900,41.8,67.5,46.7,0.250,80,5,6,3,88.7,35.0,85.5,85.4,36.2,69.0,529,125,"[15-28,31-38,42-80,97-101,103-106,108-109,111-118]",[121-125],"[17,21,61-63,68]",[123-125],HSF1_HUMAN___PDCD5_HUMAN_unrelaxed_rank_001_alphafold2_multimer_v3_model_2_seed_000.pdb
HSF1_HUMAN___PDCD5_HUMAN,2,3,A,B,0.0000,0.0,0.0,0.0000,0.2380,0.0154,0.0000,5.0,0.0,0.1900,38.6,61.2,42.9,0.260,3,3,0,0,91.1,28.3,59.7,,,,529,125,"[23,52,58]",[122-124],,,HSF1_HUMAN___PDCD5_HUMAN_unrelaxed_rank_002_alphafold2_multimer_v3_model_3_seed_000.pdb
HSF1_HUMAN___PDCD5_HUMAN,3,1,A,B,0.0467,57.2,2.7,0.0131,0.4033,0.0465,0.0469,327.0,10.0,0.1800,41.3,65.2,45.9,0.250,85,6,6,3,88.8,32.4,85.1,83.9,33.1,67.0,529,125,"[15-38,41-80,97-106,108-118]",[120-125],"[17,60-63,72]",[123-125],HSF1_HUMAN___PDCD5_HUMAN_unrelaxed_rank_003_alphafold2_multimer_v3_model_1_seed_000.pdb
HSF1_HUMAN___PDCD5_HUMAN,4,5,A,B,0.0000,0.0,0.0,0.0000,0.1831,0.0000,0.0000,0.0,0.0,0.1700,41.2,66.8,46.1,0.250,0,0,0,0,,,,,,,529,125,,,,,HSF1_HUMAN___PDCD5_HUMAN_unrelaxed_rank_004_alphafold2_multimer_v3_model_5_seed_000.pdb
HSF1_HUMAN___PDCD5_HUMAN,5,4,A,B,0.0213,15.8,0.3,0.0000,0.3777,0.0241,0.0188,83.0,3.0,0.1600,38.1,67.7,43.8,0.240,40,4,3,2,87.2,34.5,82.4,84.3,34.8,64.5,529,125,"[16-18,21-28,34,37,43-44,46-47,49,51-60,67-69,72,76-79,99,101,103-104]",[120-123],"[17-18,72]","[120,122]",HSF1_HUMAN___PDCD5_HUMAN_unrelaxed_rank_005_alphafold2_multimer_v3_model_4_seed_000.pdb
HSF1_HUMAN___SHD_HUMAN,1,4,A,B,0.0502,99.0,5.0,0.0113,0.4535,0.0458,0.0550,280.0,35.0,0.2500,36.1,42.9,38.8,0.270,12,74,9,12,51.7,88.1,83.0,47.2,83.1,67.7,529,340,"[80-90,99]","[236-241,243-244,246-251,253,256-258,260-261,263-266,273-278,280,283-301,305-322,325-326,331-334]",[81-89],"[273,275,285-290,298,300-301,326]",HSF1_HUMAN___SHD_HUMAN_unrelaxed_rank_001_alphafold2_multimer_v3_model_4_seed_000.pdb
HSF1_HUMAN___SHD_HUMAN,2,3,A,B,0.0324,56.5,1.8,0.0000,0.4534,0.0284,0.0368,133.0,24.0,0.1900,36.9,41.7,38.8,0.260,36,45,11,9,75.6,85.1,80.9,56.5,69.9,62.5,529,340,"[18,22-27,34,36-37,46-47,49,52-53,56-57,60-61,65-67,69-72,74-76,80,84,89-93]","[184-185,239-241,247-251,261,263-265,275,277-280,284-290,296-298,309-312,314-317,319-320,323,330-334]","[67,70-71,74,80,84,89-93]","[184-185,277,280,285-288,323]",HSF1_HUMAN___SHD_HUMAN_unrelaxed_rank_002_alphafold2_multimer_v3_model_3_seed_000.pdb
HSF1_HUMAN___SHD_HUMAN,3,2,A,B,0.0285,25.6,0.7,0.0110,0.4645,0.0292,0.0279,219.0,3.0,0.1700,38.6,45.2,41.2,0.230,5,85,1,3,30.7,89.7,86.4,31.9,86.4,72.8,529,340,[297-301],"[233-235,237-263,265-269,271-275,277-293,296-300,306,308-323,329,331-335]",[300],"[269,286,288]",HSF1_HUMAN___SHD_HUMAN_unrelaxed_rank_003_alphafold2_multimer_v3_model_2_seed_000.pdb
HSF1_HUMAN___SHD_HUMAN,4,1,A,B,0.0000,0.0,0.0,0.0000,0.2841,0.0000,0.0000,0.0,0.0,0.1600,35.6,43.0,38.5,0.230,0,0,0,0,,,,,,,529,340,,,,,HSF1_HUMAN___SHD_HUMAN_unrelaxed_rank_004_alphafold2_multimer_v3_model_1_seed_000.pdb
HSF1_HUMAN___SHD_HUMAN,5,5,A,B,0.0000,0.0,0.0,0.0000,0.2635,0.0000,0.0000,0.0,0.0,0.1400,38.8,43.3,40.6,0.230,0,0,0,0,,,,,,,529,340,,,,,HSF1_HUMAN___SHD_HUMAN_unrelaxed_rank_005_alphafold2_multimer_v3_model_5_seed_000.pdb
HSF1_HUMAN___UBB_HUMAN,1,1,A,B,0.0000,0.0,0.0,0.0000,0.1668,0.0000,0.0000,0.0,0.0,0.1800,37.8,78.6,50.1,0.250,0,0,0,0,,,,,,,529,229,,,,,HSF1_HUMAN___UBB_HUMAN_unrelaxed_rank_001_alphafold2_multimer_v3_model_1_seed_000.pdb
HSF1_HUMAN___UBB_HUMAN,2,4,A,B,0.0000,0.0,0.0,0.0000,0.1908,0.0000,0.0000,0.0,0.0,0.1800,34.7,77.9,47.8,0.240,0,0,0,0,,,,,,,529,229,,,,,HSF1_HUMAN___UBB_HUMAN_unrelaxed_rank_002_alphafold2_multimer_v3_model_4_seed_000.pdb
HSF1_HUMAN___UBB_HUMAN,3,3,A,B,0.0000,0.0,0.0,0.0000,0.1754,0.0000,0.0000,0.0,0.0,0.1600,35.0,79.0,48.3,0.250,0,0,0,0,,,,,,,529,229,,,,,HSF1_HUMAN___UBB_HUMAN_unrelaxed_rank_003_alphafold2_multimer_v3_model_3_seed_000.pdb
HSF1_HUMAN___UBB_HUMAN,4,2,A,B,0.0000,0.0,0.0,0.0000,0.1428,0.0000,0.0000,0.0,0.0,0.1600,37.7,81.3,50.9,0.240,0,0,0,0,,,,,,,529,229,,,,,HSF1_HUMAN___UBB_HUMAN_unrelaxed_rank_004_alphafold2_multimer_v3_model_2_seed_000.pdb
HSF1_HUMAN___UBB_HUMAN,5,5,A,B,0.0000,0.0,0.0,0.0000,0.1479,0.0000,0.0000,0.0,0.0,0.1500,35.9,80.7,49.4,0.240,0,0,0,0,,,,,,,529,229,,,,,HSF1_HUMAN___UBB_HUMAN_unrelaxed_rank_005_alphafold2_multimer_v3_model_5_seed_000.pdb
HSF1_HUMAN___Z585B_HUMAN,1,4,A,B,0.0772,87.3,6.7,0.0139,0.5996,0.0770,0.0773,246.0,31.0,0.1700,31.6,64.0,50.8,0.280,17,36,9,11,50.1,52.6,51.8,48.7,53.1,51.1,529,769,[160-176],[29-64],"[161,164-165,168-169,171-172,175-176]","[32,34,40,43,48,51-52,55,58-59,62]",HSF1_HUMAN___Z585B_HUMAN_unrelaxed_rank_001_alphafold2_multimer_v3_model_4_seed_000.pdb
HSF1_HUMAN___Z585B_HUMAN,2,5,A,B,0.0000,0.0,0.0,0.0000,0.4499,0.0000,0.0000,0.0,0.0,0.1600,31.1,54.4,44.9,0.230,0,0,0,0,,,,,,,529,769,,,,,HSF1_HUMAN___Z585B_HUMAN_unrelaxed_rank_002_alphafold2_multimer_v3_model_5_seed_000.pdb
HSF1_HUMAN___Z585B_HUMAN,3,2,A,B,0.0000,0.0,0.0,0.0000,0.4088,0.0000,0.0000,0.0,0.0,0.1700,31.4,54.2,44.9,0.210,0,0,0,0,,,,,,,529,769,,,,,HSF1_HUMAN___Z585B_HUMAN_unrelaxed_rank_003_alphafold2_multimer_v3_model_2_seed_000.pdb
HSF1_HUMAN___Z585B_HUMAN,4,1,A,B,0.0000,0.0,0.0,0.0000,0.1924,0.0000,0.0000,0.0,0.0,0.1600,30.7,51.9,43.3,0.220,0,0,0,0,,,,,,,529,769,,,,,HSF1_HUMAN___Z585B_HUMAN_unrelaxed_rank_004_alphafold2_multimer_v3_model_1_seed_000.pdb
HSF1_HUMAN___Z585B_HUMAN,5,3,A,B,0.0000,0.0,0.0,0.0000,0.2947,0.0000,0.0000,0.0,0.0,0.1600,30.5,48.4,41.1,0.220,0,0,0,0,,,,,,,529,769,,,,,HSF1_HUMAN___Z585B_HUMAN_unrelaxed_rank_005_alphafold2_multimer_v3_model_3_seed_000.pdb
HSF1_HUMAN___DDX46_HUMAN,1,3,A,B,0.2876,2121.6,610.1,0.4114,0.9048,0.1982,0.4172,61658.0,73.0,0.4400,35.2,59.2,51.1,0.450,112,456,15,20,81.0,91.7,89.6,67.9,87.6,79.2,529,1031,[12-123],"[315-343,345-770,772]","[67,70-71,74,77,79-80,82,84,87-89,118,120,122]","[463,466,483-484,629-630,633-634,636-637,640-641,648,652,654,656-657,659-660,663]",HSF1_HUMAN___DDX46_HUMAN_unrelaxed_rank_001_alphafold2_multimer_v3_model_3_seed_000.pdb
HSF1_HUMAN___DDX46_HUMAN,2,5,A,B,0.0914,417.5,38.2,0.0131,0.6648,0.0662,0.1262,4151.0,42.0,0.3500,34.1,58.0,49.9,0.400,96,147,13,16,81.0,90.8,86.9,63.8,83.2,74.5,529,1031,"[16,18-28,31-62,65-106,108-109,111-118]","[481-484,593-617,620-681,683-685,688-697,700-711,717-724,727-728,730-731,733-740,745,748-757]","[67,70-71,74,77,79-80,82,84,87-90]","[629-630,633-634,636-637,640-641,647-648,652,654,656-657,659-660]",HSF1_HUMAN___DDX46_HUMAN_unrelaxed_rank_002_alphafold2_multimer_v3_model_5_seed_000.pdb
HSF1_HUMAN___DDX46_HUMAN,3,1,A,B,0.0950,351.9,33.4,0.0131,0.6746,0.0704,0.1283,3258.0,38.0,0.3300,33.1,57.5,49.2,0.390,95,141,13,15,79.8,89.4,85.5,60.3,79.5,70.6,529,1031,"[16-29,31-58,60-61,65-90,92,95-118]","[593-602,604-616,619-680,683-697,700-711,716,718-725,727-728,730-740,748-754]","[67,70,74,77,79-80,82,84-85,87-89,118]","[630,633-634,636-637,640-641,648,654-657,659-660,663]",HSF1_HUMAN___DDX46_HUMAN_unrelaxed_rank_003_alphafold2_multimer_v3_model_1_seed_000.pdb
HSF1_HUMAN___DDX46_HUMAN,4,4,A,B,0.0606,106.6,6.5,0.0122,0.5810,0.0403,0.0911,710.0,16.0,0.3100,32.3,57.8,49.2,0.420,48,151,6,6,81.2,91.1,88.7,68.7,81.0,74.9,529,1031,"[18,21-22,24-27,34-35,37,42-48,52-53,61,66-67,69-85,97-100,102-104,106,115]","[362,374,396,398,400-402,405-407,410,415-416,425-426,429-432,436,452,454-457,460-461,464,468,480-482,500-501,506,510,530-533,542,544,559,579,581,593-597,599,602,605-614,616,621-622,624,626-666,668-676,678-681,683,685,688-693,695,701-709,718-723,733-739]","[70,74,79-80,82,84]","[633,636,648,654,657,660]",HSF1_HUMAN___DDX46_HUMAN_unrelaxed_rank_004_alphafold2_multimer_v3_model_4_seed_000.pdb
HSF1_HUMAN___DDX46_HUMAN,5,2,A,B,0.0000,0.0,0.0,0.0000,0.2984,0.0000,0.0000,0.0,0.0,0.2100,33.0,57.5,49.2,0.330,0,0,0,0,,,,,,,529,1031,,,,,HSF1_HUMAN___DDX46_HUMAN_unrelaxed_rank_005_alphafold2_multimer_v3_model_2_seed_000.pdb
HSF1_HUMAN___H2B1K_HUMAN,1,4,A,B,0.0501,13.0,0.6,0.0000,0.3741,0.0426,0.0589,28.0,6.0,0.2300,39.6,42.9,40.2,0.230,9,12,2,4,49.9,52.6,51.4,50.8,50.2,50.4,529,126,"[185-191,193-194]","[41-42,47,63,65-71,73]","[186,189]","[41-42,67,70]",HSF1_HUMAN___H2B1K_HUMAN_unrelaxed_rank_001_alphafold2_multimer_v3_model_4_seed_000.pdb
HSF1_HUMAN___H2B1K_HUMAN,2,1,A,B,0.0000,0.0,0.0,0.0000,0.1839,0.0000,0.0000,0.0,0.0,0.1900,43.1,59.0,46.2,0.240,0,0,0,0,,,,,,,529,126,,,,,HSF1_HUMAN___H2B1K_HUMAN_unrelaxed_rank_002_alphafold2_multimer_v3_model_1_seed_000.pdb
HSF1_HUMAN___H2B1K_HUMAN,3,2,A,B,0.0000,0.0,0.0,0.0000,0.1596,0.0000,0.0000,0.0,0.0,0.1900,41.4,58.1,44.6,0.230,0,0,0,0,,,,,,,529,126,,,,,HSF1_HUMAN___H2B1K_HUMAN_unrelaxed_rank_003_alphafold2_multimer_v3_model_2_seed_000.pdb
HSF1_HUMAN___H2B1K_HUMAN,4,3,A,B,0.0000,0.0,0.0,0.0000,0.1699,0.0000,0.0000,0.0,0.0,0.1800,38.1,53.7,41.1,0.240,0,0,0,0,,,,,,,529,126,,,,,HSF1_HUMAN___H2B1K_HUMAN_unrelaxed_rank_004_alphafold2_multimer_v3_model_3_seed_000.pdb
HSF1_HUMAN___H2B1K_HUMAN,5,5,A,B,0.0000,0.0,0.0,0.0000,0.1453,0.0000,0.0000,0.0,0.0,0.1400,39.3,55.5,42.4,0.240,0,0,0,0,,,,,,,529,126,,,,,HSF1_HUMAN___H2B1K_HUMAN_unrelaxed_rank_005_alphafold2_multimer_v3_model_5_seed_000.pdb
HSF1_HUMAN___PRS4_HUMAN,1,4,A,B,0.2411,1669.3,402.5,0.3145,0.8118,0.1612,0.3607,27319.0,102.0,0.5000,35.9,66.7,49.9,0.420,117,266,23,28,76.1,83.5,81.2,65.9,82.1,74.8,529,440,"[13-122,166-167,169-173]","[65-69,172-431,433]","[65-67,70-71,74-75,77,79-82,84,87-89,91,97,118-120,122,172]","[65,178-179,183-185,191,194,198,202-203,205-208,242-246,272,275-280,324]",HSF1_HUMAN___PRS4_HUMAN_unrelaxed_rank_001_alphafold2_multimer_v3_model_4_seed_000.pdb
HSF1_HUMAN___PRS4_HUMAN,2,5,A,B,0.0000,0.0,0.0,0.0000,0.2418,0.0000,0.0000,0.0,0.0,0.2100,36.2,67.3,50.3,0.360,0,0,0,0,,,,,,,529,440,,,,,HSF1_HUMAN___PRS4_HUMAN_unrelaxed_rank_002_alphafold2_multimer_v3_model_5_seed_000.pdb
HSF1_HUMAN___PRS4_HUMAN,3,3,A,B,0.1067,248.0,26.5,0.0133,0.5672,0.0949,0.1200,946.0,65.0,0.1800,34.7,67.1,49.4,0.350,48,33,19,17,68.8,59.6,65.1,68.8,60.8,65.0,529,440,"[134-179,181-182]","[52-83,85]","[137,140-141,143-144,147-148,150-151,154-155,157-158,161,164-165,168,171-172]","[52,54,58-59,61-62,65-66,68-69,72-73,75-76,79-80,82]",HSF1_HUMAN___PRS4_HUMAN_unrelaxed_rank_003_alphafold2_multimer_v3_model_3_seed_000.pdb
HSF1_HUMAN___PRS4_HUMAN,4,1,A,B,0.0000,0.0,0.0,0.0000,0.1707,0.0000,0.0000,0.0,0.0,0.1700,37.0,66.7,50.5,0.340,0,0,0,0,,,,,,,529,440,,,,,HSF1_HUMAN___PRS4_HUMAN_unrelaxed_rank_004_alphafold2_multimer_v3_model_1_seed_000.pdb
HSF1_HUMAN___PRS4_HUMAN,5,2,A,B,0.0000,0.0,0.0,0.0000,0.1420,0.0000,0.0000,0.0,0.0,0.1500,35.6,68.9,50.7,0.340,0,0,0,0,,,,,,,529,440,,,,,HSF1_HUMAN___PRS4_HUMAN_unrelaxed_rank_005_alphafold2_multimer_v3_model_2_seed_000.pdb
HSF1_HUMAN___RFA1_HUMAN,1,5,A,B,0.4272,1059.7,452.7,0.3628,0.9221,0.3110,0.5867,30349.0,37.0,0.3600,36.5,79.2,59.5,0.370,114,176,13,10,81.0,88.7,85.7,78.8,79.9,79.3,529,616,[11-124],[438-613],"[49-50,53,64-68,74,77,118,120,122]","[457,491,493,499,501-502,504,580,582-583]",HSF1_HUMAN___RFA1_HUMAN_unrelaxed_rank_001_alphafold2_multimer_v3_model_5_seed_000.pdb
HSF1_HUMAN___RFA1_HUMAN,2,4,A,B,0.2824,890.6,251.5,0.2067,0.8538,0.1928,0.4138,22031.0,36.0,0.3200,35.5,77.4,58.0,0.340,106,160,11,9,81.9,89.1,86.2,74.4,80.1,77.0,529,616,"[12-85,92-123]",[440-599],"[53-54,64-67,75,117,119-121]","[488-489,491,501-502,504,582-584]",HSF1_HUMAN___RFA1_HUMAN_unrelaxed_rank_002_alphafold2_multimer_v3_model_4_seed_000.pdb
HSF1_HUMAN___RFA1_HUMAN,3,3,A,B,0.0411,84.9,3.5,0.0121,0.5116,0.0415,0.0407,1029.0,7.0,0.2400,35.4,78.4,58.5,0.330,21,122,5,4,82.4,90.1,89.0,79.9,72.0,76.4,529,616,"[53,64-81,99-100]","[444-448,450-451,459-463,465-474,476-482,485-493,497-508,510-522,525-540,543,545-551,556-564,567,569-582,584-594]","[64-65,74,77,79]","[491,501,581-582]",HSF1_HUMAN___RFA1_HUMAN_unrelaxed_rank_003_alphafold2_multimer_v3_model_3_seed_000.pdb
HSF1_HUMAN___RFA1_HUMAN,4,2,A,B,0.0391,29.4,1.1,0.0113,0.4601,0.0450,0.0340,432.0,2.0,0.2400,36.1,79.8,59.6,0.320,23,85,1,2,82.4,91.0,89.2,84.9,66.2,72.4,529,616,"[21-22,64-80,114,117-119]","[447-448,451,453,459-463,468,470-472,477-481,487-492,497-503,506,512-520,526-537,539,547-548,551,559,561-562,569-593]",[74],[581-582],HSF1_HUMAN___RFA1_HUMAN_unrelaxed_rank_004_alphafold2_multimer_v3_model_2_seed_000.pdb
HSF1_HUMAN___RFA1_HUMAN,5,1,A,B,0.0000,0.0,0.0,0.0000,0.3918,0.0000,0.0000,0.0,0.0,0.2100,34.7,77.0,57.5,0.310,0,0,0,0,,,,,,,529,616,,,,,HSF1_HUMAN___RFA1_HUMAN_unrelaxed_rank_005_alphafold2_multimer_v3_model_1_seed_000.pdb
HSF1_HUMAN___SRSF6_HUMAN,1,5,A,B,0.4376,793.8,347.3,0.3515,0.8983,0.4072,0.4702,16155.0,39.0,0.3600,40.3,50.8,44.4,0.320,114,89,10,12,82.8,85.4,83.9,61.4,87.8,75.8,529,344,[11-124],"[71-72,99-185]","[79-82,84-89]","[118,125,128-129,131-132,169-174]",HSF1_HUMAN___SRSF6_HUMAN_unrelaxed_rank_001_alphafold2_multimer_v3_model_5_seed_000.pdb
HSF1_HUMAN___SRSF6_HUMAN,2,3,A,B,0.2536,875.1,221.9,0.1981,0.7450,0.2198,0.2925,14727.0,52.0,0.3600,40.1,50.1,44.0,0.320,111,90,10,17,81.2,85.3,83.0,59.4,84.9,75.5,529,344,[12-122],"[5-7,35,100-185]","[49,79-80,82,84,87-91]","[35,118,120-121,125,128-129,131-132,165-166,169-174]",HSF1_HUMAN___SRSF6_HUMAN_unrelaxed_rank_002_alphafold2_multimer_v3_model_3_seed_000.pdb
HSF1_HUMAN___SRSF6_HUMAN,3,4,A,B,0.3949,885.6,349.7,0.2885,0.9000,0.3531,0.4417,15684.0,50.0,0.3600,38.0,49.5,42.5,0.310,114,87,9,12,79.3,83.4,81.1,60.5,83.8,73.8,529,344,[11-124],[99-185],"[79-82,84-88]","[118,124-125,128-129,131,169-174]",HSF1_HUMAN___SRSF6_HUMAN_unrelaxed_rank_003_alphafold2_multimer_v3_model_4_seed_000.pdb
HSF1_HUMAN___SRSF6_HUMAN,4,1,A,B,0.0000,0.0,0.0,0.0000,0.2584,0.0000,0.0000,0.0,0.0,0.2100,39.1,48.3,42.7,0.260,0,0,0,0,,,,,,,529,344,,,,,HSF1_HUMAN___SRSF6_HUMAN_unrelaxed_rank_004_alphafold2_multimer_v3_model_1_seed_000.pdb
HSF1_HUMAN___SRSF6_HUMAN,5,2,A,B,0.0000,0.0,0.0,0.0000,0.1365,0.0000,0.0000,0.0,0.0,0.1700,40.7,48.9,43.9,0.240,0,0,0,0,,,,,,,529,344,,,,,HSF1_HUMAN___SRSF6_HUMAN_unrelaxed_rank_005_alphafold2_multimer_v3_model_2_seed_000.pdb
HSF1_HUMAN___SRSF7_HUMAN,1,5,A,B,0.0000,0.0,0.0,0.0000,0.3369,0.0000,0.0000,0.0,0.0,0.2000,41.4,45.8,42.8,0.250,0,0,0,0,,,,,,,529,238,,,,,HSF1_HUMAN___SRSF7_HUMAN_unrelaxed_rank_001_alphafold2_multimer_v3_model_5_seed_000.pdb
HSF1_HUMAN___SRSF7_HUMAN,2,4,A,B,0.0000,0.0,0.0,0.0000,0.2323,0.0000,0.0000,0.0,0.0,0.1700,40.5,45.0,41.9,0.240,0,0,0,0,,,,,,,529,238,,,,,HSF1_HUMAN___SRSF7_HUMAN_unrelaxed_rank_002_alphafold2_multimer_v3_model_4_seed_000.pdb
HSF1_HUMAN___SRSF7_HUMAN,3,3,A,B,0.0000,0.0,0.0,0.0000,0.2281,0.0000,0.0000,0.0,0.0,0.1600,39.9,43.3,41.0,0.240,0,0,0,0,,,,,,,529,238,,,,,HSF1_HUMAN___SRSF7_HUMAN_unrelaxed_rank_003_alphafold2_multimer_v3_model_3_seed_000.pdb
HSF1_HUMAN___SRSF7_HUMAN,4,1,A,B,0.0000,0.0,0.0,0.0000,0.1651,0.0000,0.0000,0.0,0.0,0.1500,41.1,41.6,41.3,0.240,0,0,0,0,,,,,,,529,238,,,,,HSF1_HUMAN___SRSF7_HUMAN_unrelaxed_rank_004_alphafold2_multimer_v3_model_1_seed_000.pdb
HSF1_HUMAN___SRSF7_HUMAN,5,2,A,B,0.0000,0.0,0.0,0.0000,0.1886,0.0000,0.0000,0.0,0.0,0.1300,42.3,43.7,42.7,0.240,0,0,0,0,,,,,,,529,238,,,,,HSF1_HUMAN___SRSF7_HUMAN_unrelaxed_rank_005_alphafold2_multimer_v3_model_2_seed_000.pdb
HSF1_HUMAN___TLE3_HUMAN,1,1,A,B,0.1768,720.0,127.3,0.0210,0.7587,0.1719,0.1819,4249.0,122.0,0.3300,34.6,54.1,46.2,0.380,32,334,23,39,49.8,91.2,87.6,49.4,79.3,68.2,529,772,"[147,151,154-155,157-158,161-166,168-172,324-338]","[36,39-40,42-59,61-62,447-452,458-468,471-515,521-562,565-687,689-772]","[147,151,154-155,158,161,165,168-169,171-172,324-328,330-332,334-335,337-338]","[36,39-40,43,46,50-51,53-54,57-58,61,487-488,490,506,534,536,552,578,580,596,619-620,622-623,638,661-664,679,702,704,720,742-743,745,761]",HSF1_HUMAN___TLE3_HUMAN_unrelaxed_rank_001_alphafold2_multimer_v3_model_1_seed_000.pdb
HSF1_HUMAN___TLE3_HUMAN,2,5,A,B,0.1653,772.4,127.6,0.0175,0.7154,0.1433,0.1906,3849.0,155.0,0.2600,35.1,55.3,47.1,0.370,78,371,30,45,61.1,88.4,83.7,52.7,69.8,63.0,529,772,"[24,26,34-35,37,43-46,48,51-52,55-56,68-69,71-72,99,101,111-112,147,150-196,296-303]","[42-43,45-96,104,108,248-251,447-452,458-468,470-515,521-562,565-670,672-687,689-772]","[68,71,151,154-155,157-158,161-162,164-165,168-169,171-172,175-176,178-179,182-183,186,189-190,193,296-298,300,303]","[46,50,53-54,56-57,60-61,63-64,67-68,70-71,74-75,77-78,81-82,84-85,88-89,92,249-250,488,490,534,536,552,577-578,580,596-598,620,622,638,742-743,745,761]",HSF1_HUMAN___TLE3_HUMAN_unrelaxed_rank_002_alphafold2_multimer_v3_model_5_seed_000.pdb
HSF1_HUMAN___TLE3_HUMAN,3,4,A,B,0.1603,649.1,104.1,0.0153,0.7074,0.1299,0.1979,2772.0,152.0,0.2500,36.0,54.4,46.9,0.380,99,81,37,37,57.4,53.4,55.6,51.7,52.2,52.0,529,772,"[17,23-24,26-27,37,43-45,47-48,51-52,55-56,58,60-61,68,72,98-99,103-104,111,144,147,150-197,298,384-385,387-404,414,417-418]","[43-116,119,248-252,525]","[17,61,68,144,151,154-155,158,161-162,164-165,168-169,171-172,175-176,178-179,182-183,185-186,189,193,196,384,388,391-392,395,398-399,402,414,418]","[43,50,53,56-57,60-61,63-64,67-68,70-71,73-78,80-82,84-85,87-88,91-92,95,103-104,106-107,111,114,249,251]",HSF1_HUMAN___TLE3_HUMAN_unrelaxed_rank_003_alphafold2_multimer_v3_model_4_seed_000.pdb
HSF1_HUMAN___TLE3_HUMAN,4,3,A,B,0.2883,1015.3,292.7,0.0957,0.8946,0.2271,0.3660,5727.0,180.0,0.2500,36.1,55.7,47.7,0.380,144,343,42,44,66.5,86.6,80.7,60.1,67.7,64.0,529,772,"[16-28,31,34-37,41-49,51-64,66-76,78,81,98-105,108-109,111-115,137-196,209-215,265-268,297-300]","[21-88,247-253,448-452,460-461,463,473-475,477-495,500-513,522-527,529-561,568-573,575-587,589-606,608-615,617-627,629-648,652,654-670,673-679,683-687,692-729,732-772]","[61-63,68-69,71-72,140,143-144,147-148,150-151,154-155,157-158,161-162,164-165,168-169,171-172,175-176,178-179,182,185-186,189,211-213,266,268,298-300]","[22,25-26,29-30,32-33,36-37,39-40,43-44,46-47,50-51,53-54,57-58,60-61,64,67-68,71,247-251,488,612,661,663,679,701-702,704,720,743,745,761]",HSF1_HUMAN___TLE3_HUMAN_unrelaxed_rank_004_alphafold2_multimer_v3_model_3_seed_000.pdb
HSF1_HUMAN___TLE3_HUMAN,5,2,A,B,0.1970,1016.7,200.3,0.0220,0.7664,0.1517,0.2559,5356.0,193.0,0.2400,36.4,56.0,48.0,0.370,151,399,45,51,67.5,87.0,81.6,58.1,73.1,66.1,529,772,"[15-38,41-49,51-81,97-106,108-109,111-112,114-116,136-197,295-302]","[29-111,247-253,447-452,458-464,466-468,471-515,521-562,565-670,672-687,689-772]","[17-18,21,60-65,67-68,72,137,140,144,147-148,151,154-155,157-158,161-162,164-165,168-169,171-172,175-176,179,182-183,186,189-190,193,295-298,300-301]","[39,43,46,50,53-54,56-57,60-61,63-64,67-68,70-71,74-75,78,81-82,85,92,248-251,488,490,533-534,536,551-553,577-578,580,596,619-620,622,638,663,701-702,704,720,743,745,761]",HSF1_HUMAN___TLE3_HUMAN_unrelaxed_rank_005_alphafold2_multimer_v3_model_2_seed_000.pdb
HSF1_HUMAN___H32_HUMAN,1,1,A,B,0.0635,15.0,1.0,0.0108,0.3701,0.0626,0.0644,56.0,4.0,0.2600,44.1,48.7,45.0,0.230,13,16,2,3,55.0,66.1,61.1,55.8,67.3,62.7,529,136,"[181,184-195]","[67-77,93-94,96-97,100]","[189,192]","[68,71,97]",HSF1_HUMAN___H32_HUMAN_unrelaxed_rank_001_alphafold2_multimer_v3_model_1_seed_000.pdb
HSF1_HUMAN___H32_HUMAN,2,2,A,B,0.0000,0.0,0.0,0.0000,0.2995,0.0000,0.0000,0.0,0.0,0.2000,41.5,46.6,42.5,0.240,0,0,0,0,,,,,,,529,136,,,,,HSF1_HUMAN___H32_HUMAN_unrelaxed_rank_002_alphafold2_multimer_v3_model_2_seed_000.pdb
HSF1_HUMAN___H32_HUMAN,3,4,A,B,0.0000,0.0,0.0,0.0000,0.2100,0.0333,0.0000,3.0,0.0,0.1900,38.9,33.5,37.8,0.230,1,3,0,0,49.7,44.2,45.6,,,,529,136,[186],"[96-97,101]",,,HSF1_HUMAN___H32_HUMAN_unrelaxed_rank_003_alphafold2_multimer_v3_model_4_seed_000.pdb
HSF1_HUMAN___H32_HUMAN,4,3,A,B,0.0000,0.0,0.0,0.0000,0.2519,0.0000,0.0000,0.0,0.0,0.1900,36.8,42.7,38.0,0.230,0,0,0,0,,,,,,,529,136,,,,,HSF1_HUMAN___H32_HUMAN_unrelaxed_rank_004_alphafold2_multimer_v3_model_3_seed_000.pdb
HSF1_HUMAN___H32_HUMAN,5,5,A,B,0.0000,0.0,0.0,0.0000,0.1204,0.0000,0.0000,0.0,0.0,0.1400,38.5,46.8,40.2,0.240,0,0,0,0,,,,,,,529,136,,,,,HSF1_HUMAN___H32_HUMAN_unrelaxed_rank_005_alphafold2_multimer_v3_model_5_seed_000.pdb
HSF1_HUMAN___HNRH1_HUMAN,1,1,A,B,0.0000,0.0,0.0,0.0000,0.2024,0.0000,0.0000,0.0,0.0,0.1800,35.7,53.5,43.9,0.240,0,0,0,0,,,,,,,529,449,,,,,HSF1_HUMAN___HNRH1_HUMAN_unrelaxed_rank_001_alphafold2_multimer_v3_model_1_seed_000.pdb
HSF1_HUMAN___HNRH1_HUMAN,2,2,A,B,0.0000,0.0,0.0,0.0000,0.1850,0.0000,0.0000,0.0,0.0,0.1600,38.0,58.3,47.3,0.260,0,0,0,0,,,,,,,529,449,,,,,HSF1_HUMAN___HNRH1_HUMAN_unrelaxed_rank_002_alphafold2_multimer_v3_model_2_seed_000.pdb
HSF1_HUMAN___HNRH1_HUMAN,3,3,A,B,0.0000,0.0,0.0,0.0000,0.1679,0.0000,0.0000,0.0,0.0,0.1500,36.2,55.5,45.1,0.230,0,0,0,0,,,,,,,529,449,,,,,HSF1_HUMAN___HNRH1_HUMAN_unrelaxed_rank_003_alphafold2_multimer_v3_model_3_seed_000.pdb
HSF1_HUMAN___HNRH1_HUMAN,4,4,A,B,0.0000,0.0,0.0,0.0000,0.1635,0.0000,0.0000,0.0,0.0,0.1500,34.4,55.1,43.9,0.240,0,0,0,0,,,,,,,529,449,,,,,HSF1_HUMAN___HNRH1_HUMAN_unrelaxed_rank_004_alphafold2_multimer_v3_model_4_seed_000.pdb
HSF1_HUMAN___HNRH1_HUMAN,5,5,A,B,0.0000,0.0,0.0,0.0000,0.1403,0.0000,0.0000,0.0,0.0,0.1400,37.4,57.3,46.5,0.230,0,0,0,0,,,,,,,529,449,,,,,HSF1_HUMAN___HNRH1_HUMAN_unrelaxed_rank_005_alphafold2_multimer_v3_model_5_seed_000.pdb
HSF1_HUMAN___HNRPR_HUMAN,1,4,A,B,0.1671,949.7,158.7,0.1813,0.7590,0.1338,0.2088,24379.0,37.0,0.4200,35.0,64.6,51.1,0.460,114,358,11,12,76.8,89.9,86.7,68.1,71.3,69.8,529,633,"[13-123,375,377,381]","[33,39,42-43,45-47,49-50,59,63-86,88-110,122-148,151-153,155,159-364,366-399,402-428,481,483,491]","[49-50,53,65-67,70,82,84,89,122]","[107,200,283,310-311,322,324,420-421,424-426]",HSF1_HUMAN___HNRPR_HUMAN_unrelaxed_rank_001_alphafold2_multimer_v3_model_4_seed_000.pdb
HSF1_HUMAN___HNRPR_HUMAN,2,3,A,B,0.1990,1403.2,279.2,0.1943,0.7937,0.1407,0.2813,30766.0,64.0,0.4100,35.7,63.2,50.7,0.440,110,377,12,17,80.2,90.8,88.4,57.3,81.0,71.2,529,633,[13-122],"[30,32-34,36,38-52,54-110,122-400,402-422]","[48-50,82,84-85,87-91,93]","[168,170,208,210,227,238,240-245,324-325,328,330,418]",HSF1_HUMAN___HNRPR_HUMAN_unrelaxed_rank_002_alphafold2_multimer_v3_model_3_seed_000.pdb
HSF1_HUMAN___HNRPR_HUMAN,3,5,A,B,0.0000,0.0,0.0,0.0121,0.3754,0.0352,0.0000,516.0,0.0,0.3300,35.3,63.9,50.9,0.430,39,73,0,0,83.7,91.4,88.7,,,,529,633,"[18-19,22,35,44,46,49-50,53,57,61,65-82,97-102,116-119]","[247-259,262-267,273,275-277,279,288-296,298,300-311,313,317-328,344-345,353,355,369,371-372,375-381]",,,HSF1_HUMAN___HNRPR_HUMAN_unrelaxed_rank_003_alphafold2_multimer_v3_model_5_seed_000.pdb
HSF1_HUMAN___HNRPR_HUMAN,4,1,A,B,0.0000,0.0,0.0,0.0000,0.2468,0.0000,0.0000,0.0,0.0,0.2200,33.7,63.1,49.7,0.400,0,0,0,0,,,,,,,529,633,,,,,HSF1_HUMAN___HNRPR_HUMAN_unrelaxed_rank_004_alphafold2_multimer_v3_model_1_seed_000.pdb
HSF1_HUMAN___HNRPR_HUMAN,5,2,A,B,0.0000,0.0,0.0,0.0000,0.2681,0.0000,0.0000,0.0,0.0,0.1700,35.4,63.9,50.9,0.390,0,0,0,0,,,,,,,529,633,,,,,HSF1_HUMAN___HNRPR_HUMAN_unrelaxed_rank_005_alphafold2_multimer_v3_model_2_seed_000.pdb
HSF1_HUMAN___IF4H_HUMAN,1,3,A,B,0.0000,0.0,0.0,0.0000,0.2105,0.0000,0.0000,0.0,0.0,0.1600,38.2,41.8,39.3,0.240,0,0,0,0,,,,,,,529,248,,,,,HSF1_HUMAN___IF4H_HUMAN_unrelaxed_rank_001_alphafold2_multimer_v3_model_3_seed_000.pdb
HSF1_HUMAN___IF4H_HUMAN,2,4,A,B,0.0000,0.0,0.0,0.0000,0.1635,0.0000,0.0000,0.0,0.0,0.1500,38.0,44.2,40.0,0.230,0,0,0,0,,,,,,,529,248,,,,,HSF1_HUMAN___IF4H_HUMAN_unrelaxed_rank_002_alphafold2_multimer_v3_model_4_seed_000.pdb
HSF1_HUMAN___IF4H_HUMAN,3,1,A,B,0.0000,0.0,0.0,0.0000,0.1494,0.0000,0.0000,0.0,0.0,0.1400,41.0,42.8,41.6,0.240,0,0,0,0,,,,,,,529,248,,,,,HSF1_HUMAN___IF4H_HUMAN_unrelaxed_rank_003_alphafold2_multimer_v3_model_1_seed_000.pdb
HSF1_HUMAN___IF4H_HUMAN,4,5,A,B,0.0000,0.0,0.0,0.0000,0.1206,0.0000,0.0000,0.0,0.0,0.1200,40.4,43.0,41.2,0.230,0,0,0,0,,,,,,,529,248,,,,,HSF1_HUMAN___IF4H_HUMAN_unrelaxed_rank_004_alphafold2_multimer_v3_model_5_seed_000.pdb
HSF1_HUMAN___IF4H_HUMAN,5,2,A,B,0.0000,0.0,0.0,0.0000,0.1280,0.0000,0.0000,0.0,0.0,0.1200,40.4,44.0,41.5,0.230,0,0,0,0,,,,,,,529,248,,,,,HSF1_HUMAN___IF4H_HUMAN_unrelaxed_rank_005_alphafold2_multimer_v3_model_2_seed_000.pdb
HSF1_HUMAN___NASP_HUMAN,1,3,A,B,0.3299,523.2,172.6,0.2788,0.8794,0.2737,0.3976,4640.0,59.0,0.3300,36.2,39.1,37.9,0.330,22,217,12,17,70.1,91.3,89.3,66.8,88.5,79.5,529,788,"[45-46,80-99]","[39-104,512-662]","[82-84,87-91,93-96]","[51,54-57,581-582,584-585,588,610,614,641,644-645,648-649]",HSF1_HUMAN___NASP_HUMAN_unrelaxed_rank_001_alphafold2_multimer_v3_model_3_seed_000.pdb
HSF1_HUMAN___NASP_HUMAN,2,5,A,B,0.2816,520.2,146.5,0.2103,0.8694,0.2311,0.3431,4510.0,60.0,0.3100,36.8,39.0,38.1,0.330,32,214,13,15,75.7,93.0,90.7,69.9,90.1,80.7,529,788,"[35,43-50,71,79-100]","[39-102,513-662]","[47-48,82,84,87-91,93-96]","[54-57,581-582,584-585,588,610,614,641,645,648-649]",HSF1_HUMAN___NASP_HUMAN_unrelaxed_rank_002_alphafold2_multimer_v3_model_5_seed_000.pdb
HSF1_HUMAN___NASP_HUMAN,3,4,A,B,0.0000,0.0,0.0,0.0000,0.4449,0.0017,0.0000,1.0,0.0,0.1900,32.7,39.0,36.5,0.310,1,1,0,0,62.3,89.9,76.1,,,,529,788,[72],[596],,,HSF1_HUMAN___NASP_HUMAN_unrelaxed_rank_003_alphafold2_multimer_v3_model_4_seed_000.pdb
HSF1_HUMAN___NASP_HUMAN,4,1,A,B,0.0000,0.0,0.0,0.0000,0.2835,0.0000,0.0000,0.0,0.0,0.1800,31.9,38.1,35.6,0.310,0,0,0,0,,,,,,,529,788,,,,,HSF1_HUMAN___NASP_HUMAN_unrelaxed_rank_004_alphafold2_multimer_v3_model_1_seed_000.pdb
HSF1_HUMAN___NASP_HUMAN,5,2,A,B,0.0000,0.0,0.0,0.0000,0.4417,0.0058,0.0000,5.0,0.0,0.1700,35.1,40.3,38.2,0.310,3,4,0,0,59.4,52.6,55.5,,,,529,788,"[186,189-190]","[142,144-146]",,,HSF1_HUMAN___NASP_HUMAN_unrelaxed_rank_005_alphafold2_multimer_v3_model_2_seed_000.pdb
HSF1_HUMAN___ROA2_HUMAN,1,3,A,B,0.0000,0.0,0.0,0.0000,0.1924,0.0000,0.0000,0.0,0.0,0.1500,35.6,53.8,42.9,0.310,0,0,0,0,,,,,,,529,353,,,,,HSF1_HUMAN___ROA2_HUMAN_unrelaxed_rank_001_alphafold2_multimer_v3_model_3_seed_000.pdb
HSF1_HUMAN___ROA2_HUMAN,2,4,A,B,0.0000,0.0,0.0,0.0000,0.1783,0.0000,0.0000,0.0,0.0,0.1500,35.1,54.3,42.8,0.310,0,0,0,0,,,,,,,529,353,,,,,HSF1_HUMAN___ROA2_HUMAN_unrelaxed_rank_002_alphafold2_multimer_v3_model_4_seed_000.pdb
HSF1_HUMAN___ROA2_HUMAN,3,1,A,B,0.0000,0.0,0.0,0.0000,0.1733,0.0000,0.0000,0.0,0.0,0.1500,37.7,55.5,44.8,0.300,0,0,0,0,,,,,,,529,353,,,,,HSF1_HUMAN___ROA2_HUMAN_unrelaxed_rank_003_alphafold2_multimer_v3_model_1_seed_000.pdb
HSF1_HUMAN___ROA2_HUMAN,4,2,A,B,0.0000,0.0,0.0,0.0000,0.1353,0.0000,0.0000,0.0,0.0,0.1400,38.7,56.5,45.8,0.300,0,0,0,0,,,,,,,529,353,,,,,HSF1_HUMAN___ROA2_HUMAN_unrelaxed_rank_004_alphafold2_multimer_v3_model_2_seed_000.pdb
HSF1_HUMAN___ROA2_HUMAN,5,5,A,B,0.0000,0.0,0.0,0.0000,0.1244,0.0000,0.0000,0.0,0.0,0.1400,37.3,55.7,44.7,0.300,0,0,0,0,,,,,,,529,353,,,,,HSF1_HUMAN___ROA2_HUMAN_unrelaxed_rank_005_alphafold2_multimer_v3_model_5_seed_000.pdb
HSF1_HUMAN___SMRC1_HUMAN,1,3,A,B,0.4311,952.8,410.8,0.1470,0.9408,0.3233,0.5749,6261.0,145.0,0.2800,35.7,49.6,45.1,0.300,65,88,31,31,64.2,68.7,66.8,66.6,71.2,68.9,529,1105,[137-201],"[870,872-958]","[143,147,150-151,154-155,157-158,161-162,164-165,168-169,171-172,175-176,178-179,182-183,185-186,189-190,192-193,196-197,200]","[893,896-897,900,903-904,907-908,910-911,914-915,917-918,921-922,924-925,928-929,931-932,935-936,938-939,942-943,945-946,949]",HSF1_HUMAN___SMRC1_HUMAN_unrelaxed_rank_001_alphafold2_multimer_v3_model_3_seed_000.pdb
HSF1_HUMAN___SMRC1_HUMAN,2,2,A,B,0.4441,957.8,425.3,0.1678,0.9537,0.3342,0.5901,6371.0,144.0,0.2600,36.0,50.2,45.6,0.310,64,116,29,31,61.9,62.4,62.2,64.0,65.6,64.8,529,1105,[137-200],"[628-635,637,642-643,645-647,654,656-669,693-702,881,883-958]","[143,147,150-151,154,157-158,161-162,164-165,168-169,171-172,175-176,178-179,182-183,185-186,189-190,192-193,196-197]","[666-667,694-695,896,900,903-904,907-908,910-911,914-915,917-918,921-922,924-925,928-929,931-932,935-936,938-939,942,946,949]",HSF1_HUMAN___SMRC1_HUMAN_unrelaxed_rank_002_alphafold2_multimer_v3_model_2_seed_000.pdb
HSF1_HUMAN___SMRC1_HUMAN,3,5,A,B,0.0993,271.0,26.9,0.0128,0.6648,0.0746,0.1321,1096.0,67.0,0.2200,33.7,49.8,44.6,0.300,44,57,19,20,55.6,61.0,58.6,53.8,59.2,56.6,529,1105,"[151,154-155,157-197]","[885-887,889-940,943-944]","[151,154,157-158,161,164-165,168,172,175,179,182-183,186,189-190,193,196-197]","[893,896,900,903-904,907,910-911,914,917-918,921,924-925,928,931-932,935,938-939]",HSF1_HUMAN___SMRC1_HUMAN_unrelaxed_rank_003_alphafold2_multimer_v3_model_5_seed_000.pdb
HSF1_HUMAN___SMRC1_HUMAN,4,4,A,B,0.0000,0.0,0.0,0.0000,0.5200,0.0142,0.0000,8.0,0.0,0.2000,33.9,47.8,43.3,0.310,4,7,0,0,47.3,46.5,46.8,,,,529,1105,"[190,192-194]","[698-699,702,895,897-898,901]",,,HSF1_HUMAN___SMRC1_HUMAN_unrelaxed_rank_004_alphafold2_multimer_v3_model_4_seed_000.pdb
HSF1_HUMAN___SMRC1_HUMAN,5,1,A,B,0.0000,0.0,0.0,0.0000,0.2324,0.0000,0.0000,0.0,0.0,0.1800,33.2,47.2,42.7,0.310,0,0,0,0,,,,,,,529,1105,,,,,HSF1_HUMAN___SMRC1_HUMAN_unrelaxed_rank_005_alphafold2_multimer_v3_model_1_seed_000.pdb
HSF1_HUMAN___DDB1_HUMAN,1,1,A,B,0.0000,0.0,0.0,0.0000,0.4421,0.0096,0.0000,1.0,0.0,0.2700,30.4,89.5,70.8,0.630,1,1,0,0,34.0,95.2,64.6,,,,529,1140,[192],[913],,,HSF1_HUMAN___DDB1_HUMAN_unrelaxed_rank_001_alphafold2_multimer_v3_model_1_seed_000.pdb
HSF1_HUMAN___DDB1_HUMAN,2,3,A,B,0.0000,0.0,0.0,0.0000,0.4592,0.0000,0.0000,0.0,0.0,0.2400,28.5,91.0,71.2,0.650,0,0,0,0,,,,,,,529,1140,,,,,HSF1_HUMAN___DDB1_HUMAN_unrelaxed_rank_002_alphafold2_multimer_v3_model_3_seed_000.pdb
HSF1_HUMAN___DDB1_HUMAN,3,4,A,B,0.0000,0.0,0.0,0.0000,0.3659,0.0000,0.0000,0.0,0.0,0.2400,27.9,87.7,68.7,0.630,0,0,0,0,,,,,,,529,1140,,,,,HSF1_HUMAN___DDB1_HUMAN_unrelaxed_rank_003_alphafold2_multimer_v3_model_4_seed_000.pdb
HSF1_HUMAN___DDB1_HUMAN,4,5,A,B,0.0000,0.0,0.0,0.0000,0.4548,0.0000,0.0000,0.0,0.0,0.2300,28.5,90.4,70.8,0.640,0,0,0,0,,,,,,,529,1140,,,,,HSF1_HUMAN___DDB1_HUMAN_unrelaxed_rank_004_alphafold2_multimer_v3_model_5_seed_000.pdb
HSF1_HUMAN___DDB1_HUMAN,5,2,A,B,0.0000,0.0,0.0,0.0000,0.2983,0.0000,0.0000,0.0,0.0,0.2100,28.3,90.5,70.8,0.640,0,0,0,0,,,,,,,529,1140,,,,,HSF1_HUMAN___DDB1_HUMAN_unrelaxed_rank_005_alphafold2_multimer_v3_model_2_seed_000.pdb
HSF1_HUMAN___EF1A1_HUMAN,1,3,A,B,0.0241,23.9,0.6,0.0000,0.4512,0.0394,0.0147,191.0,3.0,0.3500,33.1,83.5,56.6,0.480,6,97,3,3,35.0,91.1,87.8,33.5,82.4,58.0,529,462,[330-335],"[10,12,98-103,105,107,135,144,192,210,245,269,279-280,283,286,328-329,331-346,350-359,361,363,367-376,379,391-394,396,398-400,402-407,409,413-414,416,418-420,423-427,432-439,441-442]","[330,334-335]","[367,427,432]",HSF1_HUMAN___EF1A1_HUMAN_unrelaxed_rank_001_alphafold2_multimer_v3_model_3_seed_000.pdb
HSF1_HUMAN___EF1A1_HUMAN,2,4,A,B,0.0000,0.0,0.0,0.0000,0.2750,0.0000,0.0000,0.0,0.0,0.2300,31.4,81.6,54.8,0.420,0,0,0,0,,,,,,,529,462,,,,,HSF1_HUMAN___EF1A1_HUMAN_unrelaxed_rank_002_alphafold2_multimer_v3_model_4_seed_000.pdb
HSF1_HUMAN___EF1A1_HUMAN,3,1,A,B,0.0000,0.0,0.0,0.0000,0.3037,0.0000,0.0000,0.0,0.0,0.2100,35.1,79.4,55.8,0.420,0,0,0,0,,,,,,,529,462,,,,,HSF1_HUMAN___EF1A1_HUMAN_unrelaxed_rank_003_alphafold2_multimer_v3_model_1_seed_000.pdb
HSF1_HUMAN___EF1A1_HUMAN,4,2,A,B,0.0000,0.0,0.0,0.0000,0.2437,0.0000,0.0000,0.0,0.0,0.2000,34.8,81.4,56.5,0.410,0,0,0,0,,,,,,,529,462,,,,,HSF1_HUMAN___EF1A1_HUMAN_unrelaxed_rank_004_alphafold2_multimer_v3_model_2_seed_000.pdb
HSF1_HUMAN___EF1A1_HUMAN,5,5,A,B,0.0000,0.0,0.0,0.0000,0.1844,0.0000,0.0000,0.0,0.0,0.1800,33.2,81.0,55.5,0.440,0,0,0,0,,,,,,,529,462,,,,,HSF1_HUMAN___EF1A1_HUMAN_unrelaxed_rank_005_alphafold2_multimer_v3_model_5_seed_000.pdb
HSF1_HUMAN___H2AX_HUMAN,1,1,A,B,0.3287,319.2,104.9,0.1419,0.7851,0.2551,0.4235,1084.0,94.0,0.5200,43.0,61.7,47.0,0.260,13,90,9,19,49.8,76.8,73.4,55.7,73.1,67.5,529,143,[259-271],"[19-41,44-110]",[261-269],"[81-82,84-85,88-89,95-96,98-108]",HSF1_HUMAN___H2AX_HUMAN_unrelaxed_rank_001_alphafold2_multimer_v3_model_1_seed_000.pdb
HSF1_HUMAN___H2AX_HUMAN,2,3,A,B,0.0000,0.0,0.0,0.0000,0.2824,0.0000,0.0000,0.0,0.0,0.2800,38.6,60.4,43.2,0.250,0,0,0,0,,,,,,,529,143,,,,,HSF1_HUMAN___H2AX_HUMAN_unrelaxed_rank_002_alphafold2_multimer_v3_model_3_seed_000.pdb
HSF1_HUMAN___H2AX_HUMAN,3,4,A,B,0.0000,0.0,0.0,0.0000,0.2226,0.0000,0.0000,0.0,0.0,0.2300,39.2,56.0,42.8,0.240,0,0,0,0,,,,,,,529,143,,,,,HSF1_HUMAN___H2AX_HUMAN_unrelaxed_rank_003_alphafold2_multimer_v3_model_4_seed_000.pdb
HSF1_HUMAN___H2AX_HUMAN,4,2,A,B,0.0000,0.0,0.0,0.0000,0.1374,0.0000,0.0000,0.0,0.0,0.1600,40.3,59.7,44.4,0.240,0,0,0,0,,,,,,,529,143,,,,,HSF1_HUMAN___H2AX_HUMAN_unrelaxed_rank_004_alphafold2_multimer_v3_model_2_seed_000.pdb
HSF1_HUMAN___H2AX_HUMAN,5,5,A,B,0.0000,0.0,0.0,0.0000,0.0875,0.0000,0.0000,0.0,0.0,0.1500,40.6,63.9,45.6,0.250,0,0,0,0,,,,,,,529,143,,,,,HSF1_HUMAN___H2AX_HUMAN_unrelaxed_rank_005_alphafold2_multimer_v3_model_5_seed_000.pdb
HSF1_HUMAN___HNRPD_HUMAN,1,1,A,B,0.0000,0.0,0.0,0.0000,0.1891,0.0000,0.0000,0.0,0.0,0.1700,38.4,49.1,42.7,0.240,0,0,0,0,,,,,,,529,355,,,,,HSF1_HUMAN___HNRPD_HUMAN_unrelaxed_rank_001_alphafold2_multimer_v3_model_1_seed_000.pdb
HSF1_HUMAN___HNRPD_HUMAN,2,4,A,B,0.0000,0.0,0.0,0.0000,0.2384,0.0000,0.0000,0.0,0.0,0.1700,37.6,50.1,42.6,0.240,0,0,0,0,,,,,,,529,355,,,,,HSF1_HUMAN___HNRPD_HUMAN_unrelaxed_rank_002_alphafold2_multimer_v3_model_4_seed_000.pdb
HSF1_HUMAN___HNRPD_HUMAN,3,5,A,B,0.0000,0.0,0.0,0.0000,0.1676,0.0000,0.0000,0.0,0.0,0.1600,39.2,50.5,43.7,0.240,0,0,0,0,,,,,,,529,355,,,,,HSF1_HUMAN___HNRPD_HUMAN_unrelaxed_rank_003_alphafold2_multimer_v3_model_5_seed_000.pdb
HSF1_HUMAN___HNRPD_HUMAN,4,3,A,B,0.0000,0.0,0.0,0.0000,0.2048,0.0000,0.0000,0.0,0.0,0.1500,38.8,50.1,43.3,0.240,0,0,0,0,,,,,,,529,355,,,,,HSF1_HUMAN___HNRPD_HUMAN_unrelaxed_rank_004_alphafold2_multimer_v3_model_3_seed_000.pdb
HSF1_HUMAN___HNRPD_HUMAN,5,2,A,B,0.0000,0.0,0.0,0.0000,0.1293,0.0000,0.0000,0.0,0.0,0.1400,39.2,51.4,44.1,0.230,0,0,0,0,,,,,,,529,355,,,,,HSF1_HUMAN___HNRPD_HUMAN_unrelaxed_rank_005_alphafold2_multimer_v3_model_2_seed_000.pdb
HSF1_HUMAN___HS71A_HUMAN,1,3,A,B,0.1680,479.2,80.5,0.0223,0.7229,0.1371,0.2059,2702.0,85.0,0.3900,30.7,87.0,61.5,0.560,10,437,8,26,45.8,92.9,91.8,48.3,84.9,76.3,529,641,[487-496],"[7-16,18-21,26-33,35-45,48-58,62-108,110-183,193-201,203-212,216-249,258-275,280,284,287,291-355,357,359,364-381,391-494,514-519,521-523]",[488-495],"[403-406,408,411,427-432,435-441,460,462,469-470,473-474,476]",HSF1_HUMAN___HS71A_HUMAN_unrelaxed_rank_001_alphafold2_multimer_v3_model_3_seed_000.pdb
HSF1_HUMAN___HS71A_HUMAN,2,5,A,B,0.0000,0.0,0.0,0.0000,0.3890,0.0008,0.0000,1.0,0.0,0.2900,32.0,86.8,62.0,0.540,1,1,0,0,32.7,88.5,60.6,,,,529,641,[212],[399],,,HSF1_HUMAN___HS71A_HUMAN_unrelaxed_rank_002_alphafold2_multimer_v3_model_5_seed_000.pdb
HSF1_HUMAN___HS71A_HUMAN,3,1,A,B,0.0000,0.0,0.0,0.0000,0.3466,0.0000,0.0000,0.0,0.0,0.2200,31.6,83.9,60.3,0.520,0,0,0,0,,,,,,,529,641,,,,,HSF1_HUMAN___HS71A_HUMAN_unrelaxed_rank_003_alphafold2_multimer_v3_model_1_seed_000.pdb
HSF1_HUMAN___HS71A_HUMAN,4,4,A,B,0.0000,0.0,0.0,0.0000,0.2856,0.0000,0.0000,0.0,0.0,0.1900,28.5,86.4,60.2,0.530,0,0,0,0,,,,,,,529,641,,,,,HSF1_HUMAN___HS71A_HUMAN_unrelaxed_rank_004_alphafold2_multimer_v3_model_4_seed_000.pdb
HSF1_HUMAN___HS71A_HUMAN,5,2,A,B,0.0000,0.0,0.0,0.0000,0.2719,0.0000,0.0000,0.0,0.0,0.1600,31.9,84.5,60.7,0.500,0,0,0,0,,,,,,,529,641,,,,,HSF1_HUMAN___HS71A_HUMAN_unrelaxed_rank_005_alphafold2_multimer_v3_model_2_seed_000.pdb
HSF1_HUMAN___MCM6_HUMAN,1,4,A,B,0.0000,0.0,0.0,0.0000,0.4346,0.0144,0.0000,23.0,0.0,0.2300,31.3,72.5,56.4,0.480,2,16,0,0,52.5,87.7,83.8,,,,529,821,[168-169],"[335-336,339,351,365,573-575,577,631-635,637,639]",,,HSF1_HUMAN___MCM6_HUMAN_unrelaxed_rank_001_alphafold2_multimer_v3_model_4_seed_000.pdb
HSF1_HUMAN___MCM6_HUMAN,2,1,A,B,0.0000,0.0,0.0,0.0000,0.1908,0.0000,0.0000,0.0,0.0,0.1700,33.6,71.0,56.3,0.430,0,0,0,0,,,,,,,529,821,,,,,HSF1_HUMAN___MCM6_HUMAN_unrelaxed_rank_002_alphafold2_multimer_v3_model_1_seed_000.pdb
HSF1_HUMAN___MCM6_HUMAN,3,2,A,B,0.0000,0.0,0.0,0.0000,0.1422,0.0000,0.0000,0.0,0.0,0.1600,33.0,70.3,55.7,0.430,0,0,0,0,,,,,,,529,821,,,,,HSF1_HUMAN___MCM6_HUMAN_unrelaxed_rank_003_alphafold2_multimer_v3_model_2_seed_000.pdb
HSF1_HUMAN___MCM6_HUMAN,4,5,A,B,0.0000,0.0,0.0,0.0000,0.1310,0.0000,0.0000,0.0,0.0,0.1500,33.4,72.7,57.3,0.470,0,0,0,0,,,,,,,529,821,,,,,HSF1_HUMAN___MCM6_HUMAN_unrelaxed_rank_004_alphafold2_multimer_v3_model_5_seed_000.pdb
HSF1_HUMAN___MCM6_HUMAN,5,3,A,B,0.0000,0.0,0.0,0.0000,0.1473,0.0000,0.0000,0.0,0.0,0.1500,31.2,72.9,56.6,0.440,0,0,0,0,,,,,,,529,821,,,,,HSF1_HUMAN___MCM6_HUMAN_unrelaxed_rank_005_alphafold2_multimer_v3_model_3_seed_000.pdb
HSF1_HUMAN___SRSF1_HUMAN,1,1,A,B,0.0000,0.0,0.0,0.0000,0.2828,0.0000,0.0000,0.0,0.0,0.2200,38.9,62.3,46.4,0.270,0,0,0,0,,,,,,,529,248,,,,,HSF1_HUMAN___SRSF1_HUMAN_unrelaxed_rank_001_alphafold2_multimer_v3_model_1_seed_000.pdb
HSF1_HUMAN___SRSF1_HUMAN,2,3,A,B,0.0000,0.0,0.0,0.0000,0.2385,0.0000,0.0000,0.0,0.0,0.2100,38.5,63.4,46.4,0.260,0,0,0,0,,,,,,,529,248,,,,,HSF1_HUMAN___SRSF1_HUMAN_unrelaxed_rank_002_alphafold2_multimer_v3_model_3_seed_000.pdb
HSF1_HUMAN___SRSF1_HUMAN,3,4,A,B,0.0000,0.0,0.0,0.0000,0.2027,0.0000,0.0000,0.0,0.0,0.1900,38.0,59.8,45.0,0.250,0,0,0,0,,,,,,,529,248,,,,,HSF1_HUMAN___SRSF1_HUMAN_unrelaxed_rank_003_alphafold2_multimer_v3_model_4_seed_000.pdb
HSF1_HUMAN___SRSF1_HUMAN,4,2,A,B,0.0000,0.0,0.0,0.0000,0.1266,0.0000,0.0000,0.0,0.0,0.1700,39.7,62.4,46.9,0.250,0,0,0,0,,,,,,,529,248,,,,,HSF1_HUMAN___SRSF1_HUMAN_unrelaxed_rank_004_alphafold2_multimer_v3_model_2_seed_000.pdb
HSF1_HUMAN___SRSF1_HUMAN,5,5,A,B,0.0000,0.0,0.0,0.0000,0.1406,0.0000,0.0000,0.0,0.0,0.1500,39.9,63.9,47.6,0.260,0,0,0,0,,,,,,,529,248,,,,,HSF1_HUMAN___SRSF1_HUMAN_unrelaxed_rank_005_alphafold2_multimer_v3_model_5_seed_000.pdb
HSF1_HUMAN___HNRPK_HUMAN,1,4,A,B,0.0000,0.0,0.0,0.0000,0.2033,0.0000,0.0000,0.0,0.0,0.1700,34.7,54.8,44.1,0.290,0,0,0,0,,,,,,,529,463,,,,,HSF1_HUMAN___HNRPK_HUMAN_unrelaxed_rank_001_alphafold2_multimer_v3_model_4_seed_000.pdb
HSF1_HUMAN___HNRPK_HUMAN,2,3,A,B,0.0000,0.0,0.0,0.0000,0.1973,0.0000,0.0000,0.0,0.0,0.1600,35.8,53.8,44.2,0.290,0,0,0,0,,,,,,,529,463,,,,,HSF1_HUMAN___HNRPK_HUMAN_unrelaxed_rank_002_alphafold2_multimer_v3_model_3_seed_000.pdb
HSF1_HUMAN___HNRPK_HUMAN,3,1,A,B,0.0000,0.0,0.0,0.0000,0.1655,0.0000,0.0000,0.0,0.0,0.1600,36.5,54.0,44.7,0.290,0,0,0,0,,,,,,,529,463,,,,,HSF1_HUMAN___HNRPK_HUMAN_unrelaxed_rank_003_alphafold2_multimer_v3_model_1_seed_000.pdb
HSF1_HUMAN___HNRPK_HUMAN,4,2,A,B,0.0000,0.0,0.0,0.0000,0.1630,0.0000,0.0000,0.0,0.0,0.1500,37.2,56.6,46.3,0.290,0,0,0,0,,,,,,,529,463,,,,,HSF1_HUMAN___HNRPK_HUMAN_unrelaxed_rank_004_alphafold2_multimer_v3_model_2_seed_000.pdb
HSF1_HUMAN___HNRPK_HUMAN,5,5,A,B,0.0000,0.0,0.0,0.0000,0.1517,0.0000,0.0000,0.0,0.0,0.1500,37.1,55.7,45.8,0.290,0,0,0,0,,,,,,,529,463,,,,,HSF1_HUMAN___HNRPK_HUMAN_unrelaxed_rank_005_alphafold2_multimer_v3_model_5_seed_000.pdb
HSF1_HUMAN___HNRPU_HUMAN,1,1,A,B,0.0690,145.4,10.0,0.0125,0.6195,0.0566,0.0841,1321.0,16.0,0.3000,32.2,56.7,47.1,0.420,9,285,5,8,43.2,93.8,92.3,43.5,84.3,68.6,529,825,"[436,438-445]","[284,286-313,315-345,357-368,370-389,391,393-396,398-414,416-439,441-470,472-489,491-504,510-528,530-536,557-580,582,584,586-607,612,640,642,649-654,661,665]","[436,439-440,442-443]","[298,300,311,313,565,568-569,572]",HSF1_HUMAN___HNRPU_HUMAN_unrelaxed_rank_001_alphafold2_multimer_v3_model_1_seed_000.pdb
HSF1_HUMAN___HNRPU_HUMAN,2,3,A,B,0.0133,35.3,0.5,0.0000,0.5140,0.0120,0.0148,156.0,8.0,0.2500,33.5,56.7,47.6,0.430,9,67,5,6,44.8,94.7,88.8,43.3,85.5,66.3,529,825,[82-90],"[292,296-298,300,312,319-321,333-338,340-341,343-344,360-361,399,402-410,412,417-421,423,428,430-431,433,452,454,475,486,499,511,513-514,528,564-565,568-570,572-574,576-577,593,595-596,599,601,652]","[83,85,88-90]","[298,300,565,568-569,572]",HSF1_HUMAN___HNRPU_HUMAN_unrelaxed_rank_002_alphafold2_multimer_v3_model_3_seed_000.pdb
HSF1_HUMAN___HNRPU_HUMAN,3,5,A,B,0.0168,19.7,0.3,0.0000,0.5243,0.0152,0.0184,97.0,4.0,0.2400,33.3,55.7,46.9,0.420,8,73,4,3,40.7,96.0,90.5,40.0,83.2,58.5,529,825,[84-91],"[296-298,300,319,321,324,329,333-339,341,359-361,363,385,387,396,399-400,402-411,417-423,427-428,430-434,445,453-454,456,458,466,473-475,477,484,499,511,513-514,564-565,568-569,572,574,577,605,652]","[84,88-90]","[300,565,572]",HSF1_HUMAN___HNRPU_HUMAN_unrelaxed_rank_003_alphafold2_multimer_v3_model_5_seed_000.pdb
HSF1_HUMAN___HNRPU_HUMAN,4,2,A,B,0.0208,56.6,1.2,0.0000,0.5039,0.0181,0.0239,458.0,7.0,0.2400,34.4,55.8,47.4,0.420,9,192,4,6,38.8,94.5,92.0,40.7,86.1,67.9,529,825,"[410-417,442]","[288-289,291,295,300-301,305,324,326,328-331,333-338,340,343-344,358-361,365,372,377-378,386,388-389,393-394,396,399-400,405-413,417-423,427-428,430-434,438,443-445,447-457,459,466,473-479,481,483-487,496-505,507,510-521,524,526-527,530,534,559,563-565,567-569,572-576,578,580,582-589,591,593,599-600,602,604-606,608-617,630-637,639-640,642,644,649-654,657,660-673]",[412-415],"[530,563-564,582,632,636]",HSF1_HUMAN___HNRPU_HUMAN_unrelaxed_rank_004_alphafold2_multimer_v3_model_2_seed_000.pdb
HSF1_HUMAN___HNRPU_HUMAN,5,4,A,B,0.0000,0.0,0.0,0.0000,0.3052,0.0000,0.0000,0.0,0.0,0.1900,29.2,56.3,45.7,0.410,0,0,0,0,,,,,,,529,825,,,,,HSF1_HUMAN___HNRPU_HUMAN_unrelaxed_rank_005_alphafold2_multimer_v3_model_4_seed_000.pdb
HSF1_HUMAN___IF5A1_HUMAN,1,4,A,B,0.0000,0.0,0.0,0.0000,0.1983,0.0000,0.0000,0.0,0.0,0.2500,37.9,82.2,47.9,0.290,0,0,0,0,,,,,,,529,154,,,,,HSF1_HUMAN___IF5A1_HUMAN_unrelaxed_rank_001_alphafold2_multimer_v3_model_4_seed_000.pdb
HSF1_HUMAN___IF5A1_HUMAN,2,1,A,B,0.0000,0.0,0.0,0.0000,0.2274,0.0000,0.0000,0.0,0.0,0.2400,41.2,81.8,50.4,0.280,0,0,0,0,,,,,,,529,154,,,,,HSF1_HUMAN___IF5A1_HUMAN_unrelaxed_rank_002_alphafold2_multimer_v3_model_1_seed_000.pdb
HSF1_HUMAN___IF5A1_HUMAN,3,2,A,B,0.0000,0.0,0.0,0.0000,0.1688,0.0000,0.0000,0.0,0.0,0.2000,41.8,82.2,50.9,0.280,0,0,0,0,,,,,,,529,154,,,,,HSF1_HUMAN___IF5A1_HUMAN_unrelaxed_rank_003_alphafold2_multimer_v3_model_2_seed_000.pdb
HSF1_HUMAN___IF5A1_HUMAN,4,5,A,B,0.0000,0.0,0.0,0.0000,0.1297,0.0000,0.0000,0.0,0.0,0.1800,39.8,83.4,49.6,0.280,0,0,0,0,,,,,,,529,154,,,,,HSF1_HUMAN___IF5A1_HUMAN_unrelaxed_rank_004_alphafold2_multimer_v3_model_5_seed_000.pdb
HSF1_HUMAN___IF5A1_HUMAN,5,3,A,B,0.0000,0.0,0.0,0.0000,0.1463,0.0000,0.0000,0.0,0.0,0.1700,40.0,82.8,49.7,0.280,0,0,0,0,,,,,,,529,154,,,,,HSF1_HUMAN___IF5A1_HUMAN_unrelaxed_rank_005_alphafold2_multimer_v3_model_3_seed_000.pdb
HSF1_HUMAN___PCBP1_HUMAN,1,2,A,B,0.0000,0.0,0.0,0.0000,0.2058,0.0000,0.0000,0.0,0.0,0.2000,38.8,66.4,49.9,0.300,0,0,0,0,,,,,,,529,356,,,,,HSF1_HUMAN___PCBP1_HUMAN_unrelaxed_rank_001_alphafold2_multimer_v3_model_2_seed_000.pdb
HSF1_HUMAN___PCBP1_HUMAN,2,3,A,B,0.0000,0.0,0.0,0.0000,0.3813,0.0096,0.0000,1.0,0.0,0.1900,35.9,62.2,46.5,0.310,1,1,0,0,36.2,93.2,64.7,,,,529,356,[86],[71],,,HSF1_HUMAN___PCBP1_HUMAN_unrelaxed_rank_002_alphafold2_multimer_v3_model_3_seed_000.pdb
HSF1_HUMAN___PCBP1_HUMAN,3,4,A,B,0.0000,0.0,0.0,0.0000,0.1938,0.0000,0.0000,0.0,0.0,0.1700,35.2,63.6,46.6,0.290,0,0,0,0,,,,,,,529,356,,,,,HSF1_HUMAN___PCBP1_HUMAN_unrelaxed_rank_003_alphafold2_multimer_v3_model_4_seed_000.pdb
HSF1_HUMAN___PCBP1_HUMAN,4,5,A,B,0.0000,0.0,0.0,0.0000,0.1434,0.0000,0.0000,0.0,0.0,0.1600,38.2,64.7,48.9,0.290,0,0,0,0,,,,,,,529,356,,,,,HSF1_HUMAN___PCBP1_HUMAN_unrelaxed_rank_004_alphafold2_multimer_v3_model_5_seed_000.pdb
HSF1_HUMAN___PCBP1_HUMAN,5,1,A,B,0.0000,0.0,0.0,0.0000,0.1480,0.0000,0.0000,0.0,0.0,0.1400,37.9,62.3,47.7,0.290,0,0,0,0,,,,,,,529,356,,,,,HSF1_HUMAN___PCBP1_HUMAN_unrelaxed_rank_005_alphafold2_multimer_v3_model_1_seed_000.pdb
HSF1_HUMAN___PSME3_HUMAN,1,4,A,B,0.0000,0.0,0.0,0.0000,0.1915,0.0000,0.0000,0.0,0.0,0.1900,35.9,78.3,49.7,0.340,0,0,0,0,,,,,,,529,254,,,,,HSF1_HUMAN___PSME3_HUMAN_unrelaxed_rank_001_alphafold2_multimer_v3_model_4_seed_000.pdb
HSF1_HUMAN___PSME3_HUMAN,2,5,A,B,0.0000,0.0,0.0,0.0000,0.2425,0.0000,0.0000,0.0,0.0,0.1700,37.5,76.2,50.1,0.350,0,0,0,0,,,,,,,529,254,,,,,HSF1_HUMAN___PSME3_HUMAN_unrelaxed_rank_002_alphafold2_multimer_v3_model_5_seed_000.pdb
HSF1_HUMAN___PSME3_HUMAN,3,3,A,B,0.0000,0.0,0.0,0.0000,0.2822,0.0000,0.0000,0.0,0.0,0.1600,37.0,80.4,51.1,0.350,0,0,0,0,,,,,,,529,254,,,,,HSF1_HUMAN___PSME3_HUMAN_unrelaxed_rank_003_alphafold2_multimer_v3_model_3_seed_000.pdb
HSF1_HUMAN___PSME3_HUMAN,4,1,A,B,0.0000,0.0,0.0,0.0000,0.1155,0.0000,0.0000,0.0,0.0,0.1200,39.0,78.4,51.8,0.340,0,0,0,0,,,,,,,529,254,,,,,HSF1_HUMAN___PSME3_HUMAN_unrelaxed_rank_004_alphafold2_multimer_v3_model_1_seed_000.pdb
HSF1_HUMAN___PSME3_HUMAN,5,2,A,B,0.0000,0.0,0.0,0.0000,0.0944,0.0000,0.0000,0.0,0.0,0.1200,39.2,79.0,52.1,0.340,0,0,0,0,,,,,,,529,254,,,,,HSF1_HUMAN___PSME3_HUMAN_unrelaxed_rank_005_alphafold2_multimer_v3_model_2_seed_000.pdb
HSF1_HUMAN___WBP11_HUMAN,1,1,A,B,0.1243,544.6,67.7,0.0496,0.7733,0.0879,0.1759,5597.0,53.0,0.2400,37.4,32.9,34.9,0.270,112,117,14,13,84.4,84.9,84.7,67.1,70.7,68.8,529,641,"[14-82,95-120,181-197]","[29-131,628-641]","[58-62,181-182,184-185,188-189,192,195-196]","[72-74,77,80-81,84,629-630,633,636-637,640]",HSF1_HUMAN___WBP11_HUMAN_unrelaxed_rank_001_alphafold2_multimer_v3_model_1_seed_000.pdb
HSF1_HUMAN___WBP11_HUMAN,2,2,A,B,0.3618,186.2,67.4,0.0256,0.8333,0.2869,0.4562,937.0,37.0,0.1900,39.2,34.0,36.4,0.240,42,19,9,8,72.1,63.7,69.5,70.0,65.2,67.7,529,641,[160-201],[623-641],"[181,184-185,188-189,192,195-196,199]","[626,629-630,633,636-637,640-641]",HSF1_HUMAN___WBP11_HUMAN_unrelaxed_rank_002_alphafold2_multimer_v3_model_2_seed_000.pdb
HSF1_HUMAN___WBP11_HUMAN,3,5,A,B,0.1257,81.5,10.2,0.0138,0.5934,0.1059,0.1492,369.0,18.0,0.1800,35.5,32.9,34.1,0.250,32,15,8,5,63.5,57.4,61.6,62.9,57.6,60.9,529,641,[166-197],"[626,628-641]","[181-182,184-185,188-189,192,196]","[629,633,636-637,640]",HSF1_HUMAN___WBP11_HUMAN_unrelaxed_rank_003_alphafold2_multimer_v3_model_5_seed_000.pdb
HSF1_HUMAN___WBP11_HUMAN,4,3,A,B,0.1262,125.8,15.9,0.0136,0.6263,0.1027,0.1550,406.0,39.0,0.1800,36.6,32.0,34.1,0.240,32,16,9,8,62.5,54.6,59.9,62.2,53.1,57.9,529,641,[166-197],[626-641],"[181-182,184-185,188-189,192,195-196]","[629-630,633,636-637,639-641]",HSF1_HUMAN___WBP11_HUMAN_unrelaxed_rank_004_alphafold2_multimer_v3_model_3_seed_000.pdb
HSF1_HUMAN___WBP11_HUMAN,5,4,A,B,0.1621,111.3,18.0,0.0147,0.6487,0.1396,0.1882,387.0,32.0,0.1700,37.5,31.8,34.4,0.220,27,17,9,7,64.1,56.2,61.0,64.3,56.1,60.7,529,641,"[170,172-197]",[625-641],"[181-182,184-185,188-189,192,195-196]","[629-630,633,636-637,640-641]",HSF1_HUMAN___WBP11_HUMAN_unrelaxed_rank_005_alphafold2_multimer_v3_model_4_seed_000.pdb
HSF1_HUMAN___XPO5_HUMAN,1,1,A,B,0.1699,835.9,142.0,0.0225,0.8212,0.1331,0.2168,10586.0,66.0,0.3800,32.5,86.4,69.9,0.680,26,889,13,22,39.7,92.2,90.7,43.8,88.2,71.7,529,1204,"[192-193,197-216,221,223-225]","[5-209,213-308,311-337,344-471,493-523,526-541,543,545-567,569-581,583,596-620,623,625-627,629-631,633,644-659,661-673,675-677,679-681,686,688,693-698,717-735,744-745,749,769-770,772-788,791,802-804,807,809-811,813,835-855,857,861-863,865,868-873,875-877,879-889,891-903,907-908,911,913-934,957-976,1014-1018,1023-1058,1067-1106,1108,1110-1118,1123,1125-1130,1147-1155,1158,1161,1164,1168-1175]","[202-207,209-212,215,223-224]","[62,65,109-111,113-114,158-159,162,166,229,232-233,236,269,272-273,276,424,427-428]",HSF1_HUMAN___XPO5_HUMAN_unrelaxed_rank_001_alphafold2_multimer_v3_model_1_seed_000.pdb
HSF1_HUMAN___XPO5_HUMAN,2,3,A,B,0.0000,0.0,0.0,0.0000,0.5012,0.0155,0.0000,814.0,0.0,0.2800,28.8,87.1,69.3,0.680,9,302,0,0,32.2,95.2,93.4,,,,529,1204,"[389-395,397-398]","[190,194,221,225,251,255,258,268,316,319,323,327,330,349-360,364-365,367-368,372,374-377,379,389-391,393-404,406,411,419,421-422,429-430,432-433,442-443,445-447,449-451,457-462,464-469,499-500,502-503,505,507,511,514,518,528,530-541,545-546,549,553,560-564,569-576,578,582,601,606,609-610,612,617-620,623-634,642,644-645,649-650,652-653,655,657,662-664,666-682,684,686,688,692,695-696,698,717-725,727-729,731-732,761,766,769-788,801-804,833-838,840,845-848,850-852,854,861-865,869-875,877-878,881-885,887-888,892-896,899-900,903,908,911-913,915-928,930-932,959,962,965-966,968-970,972-974,1027-1031,1033,1073-1074,1078,1101]",,,HSF1_HUMAN___XPO5_HUMAN_unrelaxed_rank_002_alphafold2_multimer_v3_model_3_seed_000.pdb
HSF1_HUMAN___XPO5_HUMAN,3,4,A,B,0.0000,0.0,0.0,0.0000,0.4142,0.0000,0.0000,0.0,0.0,0.2600,26.2,86.2,67.9,0.680,0,0,0,0,,,,,,,529,1204,,,,,HSF1_HUMAN___XPO5_HUMAN_unrelaxed_rank_003_alphafold2_multimer_v3_model_4_seed_000.pdb
HSF1_HUMAN___XPO5_HUMAN,4,5,A,B,0.0000,0.0,0.0,0.0000,0.4632,0.0000,0.0000,0.0,0.0,0.2500,28.8,86.9,69.2,0.670,0,0,0,0,,,,,,,529,1204,,,,,HSF1_HUMAN___XPO5_HUMAN_unrelaxed_rank_004_alphafold2_multimer_v3_model_5_seed_000.pdb
HSF1_HUMAN___XPO5_HUMAN,5,2,A,B,0.0000,0.0,0.0,0.0000,0.3783,0.0000,0.0000,0.0,0.0,0.2500,29.0,86.8,69.2,0.660,0,0,0,0,,,,,,,529,1204,,,,,HSF1_HUMAN___XPO5_HUMAN_unrelaxed_rank_005_alphafold2_multimer_v3_model_2_seed_000.pdb
